iso_code,continent,date,total_cases,new_cases,total_tests,new_tests,total_deaths,new_deaths,total_recoveries
MAR,Africa,2020-01-05,NA,0,NA,NA,NA,0,NA
MAR,Africa,2020-01-06,NA,0,NA,NA,NA,0,NA
MAR,Africa,2020-01-07,NA,0,NA,NA,NA,0,NA
MAR,Africa,2020-01-08,NA,0,NA,NA,NA,0,NA
MAR,Africa,2020-01-09,NA,0,NA,NA,NA,0,NA
MAR,Africa,2020-01-10,NA,0,NA,NA,NA,0,NA
MAR,Africa,2020-01-11,NA,0,NA,NA,NA,0,NA
MAR,Africa,2020-01-12,NA,0,NA,NA,NA,0,NA
MAR,Africa,2020-01-13,NA,0,NA,NA,NA,0,NA
MAR,Africa,2020-01-14,NA,0,NA,NA,NA,0,NA
MAR,Africa,2020-01-15,NA,0,NA,NA,NA,0,NA
MAR,Africa,2020-01-16,NA,0,NA,NA,NA,0,NA
MAR,Africa,2020-01-17,NA,0,NA,NA,NA,0,NA
MAR,Africa,2020-01-18,NA,0,NA,NA,NA,0,NA
MAR,Africa,2020-01-19,NA,0,NA,NA,NA,0,NA
MAR,Africa,2020-01-20,NA,0,NA,NA,NA,0,NA
MAR,Africa,2020-01-21,NA,0,NA,NA,NA,0,NA
MAR,Africa,2020-01-22,NA,0,NA,NA,NA,0,NA
MAR,Africa,2020-01-23,NA,0,NA,NA,NA,0,NA
MAR,Africa,2020-01-24,NA,0,NA,NA,NA,0,NA
MAR,Africa,2020-01-25,NA,0,NA,NA,NA,0,NA
MAR,Africa,2020-01-26,NA,0,NA,NA,NA,0,NA
MAR,Africa,2020-01-27,NA,0,NA,NA,NA,0,NA
MAR,Africa,2020-01-28,NA,0,NA,NA,NA,0,NA
MAR,Africa,2020-01-29,NA,0,NA,NA,NA,0,NA
MAR,Africa,2020-01-30,NA,0,NA,NA,NA,0,NA
MAR,Africa,2020-01-31,NA,0,NA,NA,NA,0,NA
MAR,Africa,2020-02-01,NA,0,NA,NA,NA,0,NA
MAR,Africa,2020-02-02,NA,0,NA,NA,NA,0,NA
MAR,Africa,2020-02-03,NA,0,NA,NA,NA,0,NA
MAR,Africa,2020-02-04,NA,0,NA,NA,NA,0,NA
MAR,Africa,2020-02-05,NA,0,NA,NA,NA,0,NA
MAR,Africa,2020-02-06,NA,0,NA,NA,NA,0,NA
MAR,Africa,2020-02-07,NA,0,9,NA,NA,0,NA
MAR,Africa,2020-02-08,NA,0,NA,NA,NA,0,NA
MAR,Africa,2020-02-09,NA,0,NA,NA,NA,0,NA
MAR,Africa,2020-02-10,NA,0,NA,NA,NA,0,NA
MAR,Africa,2020-02-11,NA,0,NA,NA,NA,0,NA
MAR,Africa,2020-02-12,NA,0,NA,NA,NA,0,NA
MAR,Africa,2020-02-13,NA,0,NA,NA,NA,0,NA
MAR,Africa,2020-02-14,NA,0,NA,NA,NA,0,NA
MAR,Africa,2020-02-15,NA,0,10,NA,NA,0,NA
MAR,Africa,2020-02-16,NA,0,NA,NA,NA,0,NA
MAR,Africa,2020-02-17,NA,0,NA,NA,NA,0,NA
MAR,Africa,2020-02-18,NA,0,NA,NA,NA,0,NA
MAR,Africa,2020-02-19,NA,0,11,NA,NA,0,NA
MAR,Africa,2020-02-20,NA,0,NA,NA,NA,0,NA
MAR,Africa,2020-02-21,NA,0,NA,NA,NA,0,NA
MAR,Africa,2020-02-22,NA,0,12,NA,NA,0,NA
MAR,Africa,2020-02-23,NA,0,13,1,NA,0,NA
MAR,Africa,2020-02-24,NA,0,14,1,NA,0,NA
MAR,Africa,2020-02-25,NA,0,15,1,NA,0,NA
MAR,Africa,2020-02-26,NA,0,17,2,NA,0,NA
MAR,Africa,2020-02-27,NA,0,19,2,NA,0,NA
MAR,Africa,2020-02-28,NA,0,NA,NA,NA,0,NA
MAR,Africa,2020-02-29,NA,0,25,NA,NA,0,NA
MAR,Africa,2020-03-01,NA,0,NA,NA,NA,0,NA
MAR,Africa,2020-03-02,NA,0,29,NA,NA,0,NA
MAR,Africa,2020-03-03,NA,0,33,4,NA,0,NA
MAR,Africa,2020-03-04,NA,0,35,2,NA,0,NA
MAR,Africa,2020-03-05,NA,0,42,7,NA,0,NA
MAR,Africa,2020-03-06,NA,0,52,10,NA,0,NA
MAR,Africa,2020-03-07,NA,0,57,5,NA,0,NA
MAR,Africa,2020-03-08,2,2,NA,NA,NA,0,NA
MAR,Africa,2020-03-09,2,0,62,NA,NA,0,NA
MAR,Africa,2020-03-10,2,0,66,4,NA,0,NA
MAR,Africa,2020-03-11,2,0,NA,NA,NA,0,NA
MAR,Africa,2020-03-12,2,0,97,NA,NA,0,NA
MAR,Africa,2020-03-13,2,0,101,4,NA,0,NA
MAR,Africa,2020-03-14,2,0,130,29,NA,0,NA
MAR,Africa,2020-03-15,17,15,NA,NA,1,1,16
MAR,Africa,2020-03-16,17,0,189,NA,1,0,16
MAR,Africa,2020-03-17,17,0,227,38,1,0,16
MAR,Africa,2020-03-18,17,0,317,90,1,0,16
MAR,Africa,2020-03-19,17,0,370,53,1,0,16
MAR,Africa,2020-03-20,17,0,464,94,1,0,16
MAR,Africa,2020-03-21,17,0,537,73,1,0,16
MAR,Africa,2020-03-22,96,79,627,90,3,2,93
MAR,Africa,2020-03-23,96,0,786,159,3,0,93
MAR,Africa,2020-03-24,96,0,855,69,3,0,93
MAR,Africa,2020-03-25,96,0,995,140,3,0,93
MAR,Africa,2020-03-26,96,0,1206,211,3,0,93
MAR,Africa,2020-03-27,96,0,1768,562,3,0,93
MAR,Africa,2020-03-28,96,0,1976,208,3,0,93
MAR,Africa,2020-03-29,390,294,2273,297,25,22,365
MAR,Africa,2020-03-30,390,0,2751,478,25,0,365
MAR,Africa,2020-03-31,390,0,2900,149,25,0,365
MAR,Africa,2020-04-01,390,0,3345,445,25,0,365
MAR,Africa,2020-04-02,390,0,3624,279,25,0,365
MAR,Africa,2020-04-03,390,0,3910,286,25,0,365
MAR,Africa,2020-04-04,390,0,4321,411,25,0,365
MAR,Africa,2020-04-05,919,529,4848,527,59,34,860
MAR,Africa,2020-04-06,919,0,5104,256,59,0,860
MAR,Africa,2020-04-07,919,0,5437,333,59,0,860
MAR,Africa,2020-04-08,919,0,5752,315,59,0,860
MAR,Africa,2020-04-09,919,0,6383,631,59,0,860
MAR,Africa,2020-04-10,919,0,7239,856,59,0,860
MAR,Africa,2020-04-11,919,0,7948,709,59,0,860
MAR,Africa,2020-04-12,1545,626,8604,656,111,52,1434
MAR,Africa,2020-04-13,1545,0,9128,524,111,0,1434
MAR,Africa,2020-04-14,1545,0,9922,794,111,0,1434
MAR,Africa,2020-04-15,1545,0,10650,728,111,0,1434
MAR,Africa,2020-04-16,1545,0,11996,1346,111,0,1434
MAR,Africa,2020-04-17,1545,0,12952,956,111,0,1434
MAR,Africa,2020-04-18,1545,0,13689,737,111,0,1434
MAR,Africa,2020-04-19,2685,1140,15123,1434,137,26,2548
MAR,Africa,2020-04-20,2685,0,16386,1263,137,0,2548
MAR,Africa,2020-04-21,2685,0,18100,1714,137,0,2548
MAR,Africa,2020-04-22,2685,0,19885,1785,137,0,2548
MAR,Africa,2020-04-23,2685,0,21947,2062,137,0,2548
MAR,Africa,2020-04-24,2685,0,23933,1986,137,0,2548
MAR,Africa,2020-04-25,2685,0,25443,1510,137,0,2548
MAR,Africa,2020-04-26,3897,1212,27399,1956,159,22,3738
MAR,Africa,2020-04-27,3897,0,29254,1855,159,0,3738
MAR,Africa,2020-04-28,3897,0,31250,1996,159,0,3738
MAR,Africa,2020-04-29,3897,0,32930,1680,159,0,3738
MAR,Africa,2020-04-30,3897,0,34841,1911,159,0,3738
MAR,Africa,2020-05-01,3897,0,37006,2165,159,0,3738
MAR,Africa,2020-05-02,3897,0,39367,2361,159,0,3738
MAR,Africa,2020-05-03,4729,832,42112,2745,173,14,4556
MAR,Africa,2020-05-04,4729,0,45302,3190,173,0,4556
MAR,Africa,2020-05-05,4729,0,49570,4268,173,0,4556
MAR,Africa,2020-05-06,4729,0,52958,3388,173,0,4556
MAR,Africa,2020-05-07,4729,0,56492,3534,173,0,4556
MAR,Africa,2020-05-08,4729,0,59871,3379,173,0,4556
MAR,Africa,2020-05-09,4729,0,63059,3188,173,0,4556
MAR,Africa,2020-05-10,5910,1181,65924,2865,186,13,5724
MAR,Africa,2020-05-11,5910,0,68980,3056,186,0,5724
MAR,Africa,2020-05-12,5910,0,71815,2835,186,0,5724
MAR,Africa,2020-05-13,5910,0,75870,4055,186,0,5724
MAR,Africa,2020-05-14,5910,0,77922,2052,186,0,5724
MAR,Africa,2020-05-15,5910,0,81616,3694,186,0,5724
MAR,Africa,2020-05-16,5910,0,85004,3388,186,0,5724
MAR,Africa,2020-05-17,6741,831,89957,4953,192,6,6549
MAR,Africa,2020-05-18,6741,0,95536,5579,192,0,6549
MAR,Africa,2020-05-19,6741,0,100367,4831,192,0,6549
MAR,Africa,2020-05-20,6741,0,106004,5637,192,0,6549
MAR,Africa,2020-05-21,6741,0,112997,6993,192,0,6549
MAR,Africa,2020-05-22,6741,0,123402,10405,192,0,6549
MAR,Africa,2020-05-23,6741,0,133561,10159,192,0,6549
MAR,Africa,2020-05-24,7406,665,142882,9321,198,6,7208
MAR,Africa,2020-05-25,7406,0,152203,9321,198,0,7208
MAR,Africa,2020-05-26,7406,0,161365,9162,198,0,7208
MAR,Africa,2020-05-27,7406,0,170713,9348,198,0,7208
MAR,Africa,2020-05-28,7406,0,180189,9476,198,0,7208
MAR,Africa,2020-05-29,7406,0,190061,9872,198,0,7208
MAR,Africa,2020-05-30,7406,0,199998,9937,198,0,7208
MAR,Africa,2020-05-31,7780,374,209139,9141,204,6,7576
MAR,Africa,2020-06-01,7780,0,221554,12415,204,0,7576
MAR,Africa,2020-06-02,7780,0,234651,13097,204,0,7576
MAR,Africa,2020-06-03,7780,0,247824,13173,204,0,7576
MAR,Africa,2020-06-04,7780,0,261010,13186,204,0,7576
MAR,Africa,2020-06-05,7780,0,275349,14339,204,0,7576
MAR,Africa,2020-06-06,7780,0,289457,14108,204,0,7576
MAR,Africa,2020-06-07,8151,371,305953,16496,208,4,7943
MAR,Africa,2020-06-08,8151,0,322703,16750,208,0,7943
MAR,Africa,2020-06-09,8151,0,339571,16868,208,0,7943
MAR,Africa,2020-06-10,8151,0,356051,16480,208,0,7943
MAR,Africa,2020-06-11,8151,0,372591,16540,208,0,7943
MAR,Africa,2020-06-12,8151,0,389142,16551,208,0,7943
MAR,Africa,2020-06-13,8151,0,405898,16756,208,0,7943
MAR,Africa,2020-06-14,8692,541,422520,16622,212,4,8480
MAR,Africa,2020-06-15,8692,0,439272,16752,212,0,8480
MAR,Africa,2020-06-16,8692,0,455768,16496,212,0,8480
MAR,Africa,2020-06-17,8692,0,471736,15968,212,0,8480
MAR,Africa,2020-06-18,8692,0,488947,17211,212,0,8480
MAR,Africa,2020-06-19,8692,0,505636,16689,212,0,8480
MAR,Africa,2020-06-20,8692,0,522166,16530,212,0,8480
MAR,Africa,2020-06-21,9839,1147,538191,16025,213,1,9626
MAR,Africa,2020-06-22,9839,0,556695,18504,213,0,9626
MAR,Africa,2020-06-23,9839,0,575176,18481,213,0,9626
MAR,Africa,2020-06-24,9839,0,591757,16581,213,0,9626
MAR,Africa,2020-06-25,9839,0,NA,NA,213,0,9626
MAR,Africa,2020-06-26,9839,0,620435,NA,213,0,9626
MAR,Africa,2020-06-27,9839,0,633494,13059,213,0,9626
MAR,Africa,2020-06-28,11877,2038,646195,12701,220,7,11657
MAR,Africa,2020-06-29,11877,0,662814,16619,220,0,11657
MAR,Africa,2020-06-30,11877,0,681191,18377,220,0,11657
MAR,Africa,2020-07-01,11877,0,698128,16937,220,0,11657
MAR,Africa,2020-07-02,11877,0,715853,17725,220,0,11657
MAR,Africa,2020-07-03,11877,0,732494,16641,220,0,11657
MAR,Africa,2020-07-04,11877,0,748449,15955,220,0,11657
MAR,Africa,2020-07-05,13822,1945,765580,17131,232,12,13590
MAR,Africa,2020-07-06,13822,0,783639,18059,232,0,13590
MAR,Africa,2020-07-07,13822,0,801329,17690,232,0,13590
MAR,Africa,2020-07-08,13822,0,819124,17795,232,0,13590
MAR,Africa,2020-07-09,13822,0,835264,16140,232,0,13590
MAR,Africa,2020-07-10,13822,0,849097,13833,232,0,13590
MAR,Africa,2020-07-11,13822,0,864594,15497,232,0,13590
MAR,Africa,2020-07-12,15542,1720,878626,14032,245,13,15297
MAR,Africa,2020-07-13,15542,0,896638,18012,245,0,15297
MAR,Africa,2020-07-14,15542,0,915140,18502,245,0,15297
MAR,Africa,2020-07-15,15542,0,934048,18908,245,0,15297
MAR,Africa,2020-07-16,15542,0,953715,19667,245,0,15297
MAR,Africa,2020-07-17,15542,0,973404,19689,245,0,15297
MAR,Africa,2020-07-18,15542,0,990514,17110,245,0,15297
MAR,Africa,2020-07-19,17015,1473,1009326,18812,269,24,16746
MAR,Africa,2020-07-20,17015,0,1027773,18447,269,0,16746
MAR,Africa,2020-07-21,17015,0,1046806,19033,269,0,16746
MAR,Africa,2020-07-22,17015,0,1065833,19027,269,0,16746
MAR,Africa,2020-07-23,17015,0,1085490,19657,269,0,16746
MAR,Africa,2020-07-24,17015,0,1105271,19781,269,0,16746
MAR,Africa,2020-07-25,17015,0,1126213,20942,269,0,16746
MAR,Africa,2020-07-26,19645,2630,1147173,20960,305,36,19340
MAR,Africa,2020-07-27,19645,0,1168113,20940,305,0,19340
MAR,Africa,2020-07-28,19645,0,1188801,20688,305,0,19340
MAR,Africa,2020-07-29,19645,0,1210035,21234,305,0,19340
MAR,Africa,2020-07-30,19645,0,1231195,21160,305,0,19340
MAR,Africa,2020-07-31,19645,0,1252365,21170,305,0,19340
MAR,Africa,2020-08-01,19645,0,1273939,21574,305,0,19340
MAR,Africa,2020-08-02,25051,5406,1295194,21255,367,62,24684
MAR,Africa,2020-08-03,25051,0,1316861,21667,367,0,24684
MAR,Africa,2020-08-04,25051,0,1338989,22128,367,0,24684
MAR,Africa,2020-08-05,25051,0,1361550,22561,367,0,24684
MAR,Africa,2020-08-06,25051,0,1383816,22266,367,0,24684
MAR,Africa,2020-08-07,25051,0,1405159,21343,367,0,24684
MAR,Africa,2020-08-08,25051,0,1427635,22476,367,0,24684
MAR,Africa,2020-08-09,32007,6956,1449968,22333,480,113,31527
MAR,Africa,2020-08-10,32007,0,1472095,22127,480,0,31527
MAR,Africa,2020-08-11,32007,0,1494096,22001,480,0,31527
MAR,Africa,2020-08-12,32007,0,1516402,22306,480,0,31527
MAR,Africa,2020-08-13,32007,0,1538520,22118,480,0,31527
MAR,Africa,2020-08-14,32007,0,1560527,22007,480,0,31527
MAR,Africa,2020-08-15,32007,0,1583234,22707,480,0,31527
MAR,Africa,2020-08-16,41017,9010,1605613,22379,632,152,40385
MAR,Africa,2020-08-17,41017,0,1626810,21197,632,0,40385
MAR,Africa,2020-08-18,41017,0,1648728,21918,632,0,40385
MAR,Africa,2020-08-19,41017,0,1670569,21841,632,0,40385
MAR,Africa,2020-08-20,41017,0,1692405,21836,632,0,40385
MAR,Africa,2020-08-21,41017,0,1714583,22178,632,0,40385
MAR,Africa,2020-08-22,41017,0,1736976,22393,632,0,40385
MAR,Africa,2020-08-23,50812,9795,1758870,21894,858,226,49954
MAR,Africa,2020-08-24,50812,0,1779980,21110,858,0,49954
MAR,Africa,2020-08-25,50812,0,1802170,22190,858,0,49954
MAR,Africa,2020-08-26,50812,0,1824251,22081,858,0,49954
MAR,Africa,2020-08-27,50812,0,1846260,22009,858,0,49954
MAR,Africa,2020-08-28,50812,0,1868545,22285,858,0,49954
MAR,Africa,2020-08-29,50812,0,1890964,22419,858,0,49954
MAR,Africa,2020-08-30,60056,9244,1912965,22001,1078,220,58978
MAR,Africa,2020-08-31,60056,0,1934334,21369,1078,0,58978
MAR,Africa,2020-09-01,60056,0,1956416,22082,1078,0,58978
MAR,Africa,2020-09-02,60056,0,1978840,22424,1078,0,58978
MAR,Africa,2020-09-03,60056,0,2001124,22284,1078,0,58978
MAR,Africa,2020-09-04,60056,0,2023926,22802,1078,0,58978
MAR,Africa,2020-09-05,60056,0,2046496,22570,1078,0,58978
MAR,Africa,2020-09-06,70160,10104,2070053,23557,1329,251,68831
MAR,Africa,2020-09-07,70160,0,2092291,22238,1329,0,68831
MAR,Africa,2020-09-08,70160,0,2115390,23099,1329,0,68831
MAR,Africa,2020-09-09,70160,0,2138164,22774,1329,0,68831
MAR,Africa,2020-09-10,70160,0,2160798,22634,1329,0,68831
MAR,Africa,2020-09-11,70160,0,2184266,23468,1329,0,68831
MAR,Africa,2020-09-12,70160,0,2207396,23130,1329,0,68831
MAR,Africa,2020-09-13,84435,14275,2230069,22673,1553,224,82882
MAR,Africa,2020-09-14,84435,0,2251763,21694,1553,0,82882
MAR,Africa,2020-09-15,84435,0,2274042,22279,1553,0,82882
MAR,Africa,2020-09-16,84435,0,2295811,21769,1553,0,82882
MAR,Africa,2020-09-17,84435,0,NA,NA,1553,0,82882
MAR,Africa,2020-09-18,84435,0,2342307,NA,1553,0,82882
MAR,Africa,2020-09-19,84435,0,2366181,23874,1553,0,82882
MAR,Africa,2020-09-20,99816,15381,2389115,22934,1795,242,98021
MAR,Africa,2020-09-21,99816,0,2410576,21461,1795,0,98021
MAR,Africa,2020-09-22,99816,0,2433869,23293,1795,0,98021
MAR,Africa,2020-09-23,99816,0,2457373,23504,1795,0,98021
MAR,Africa,2020-09-24,99816,0,2481151,23778,1795,0,98021
MAR,Africa,2020-09-25,99816,0,2505151,24000,1795,0,98021
MAR,Africa,2020-09-26,99816,0,2529397,24246,1795,0,98021
MAR,Africa,2020-09-27,115241,15425,2553350,23953,2041,246,113200
MAR,Africa,2020-09-28,115241,0,2575657,22307,2041,0,113200
MAR,Africa,2020-09-29,115241,0,2598486,22829,2041,0,113200
MAR,Africa,2020-09-30,115241,0,2621314,22828,2041,0,113200
MAR,Africa,2020-10-01,115241,0,2643860,22546,2041,0,113200
MAR,Africa,2020-10-02,115241,0,2666458,22598,2041,0,113200
MAR,Africa,2020-10-03,115241,0,2689136,22678,2041,0,113200
MAR,Africa,2020-10-04,131228,15987,2711203,22067,2293,252,128935
MAR,Africa,2020-10-05,131228,0,2731907,20704,2293,0,128935
MAR,Africa,2020-10-06,131228,0,2753882,21975,2293,0,128935
MAR,Africa,2020-10-07,131228,0,2778365,24483,2293,0,128935
MAR,Africa,2020-10-08,131228,0,2803491,25126,2293,0,128935
MAR,Africa,2020-10-09,131228,0,2828653,25162,2293,0,128935
MAR,Africa,2020-10-10,131228,0,2853784,25131,2293,0,128935
MAR,Africa,2020-10-11,149841,18613,2877502,23718,2572,279,147269
MAR,Africa,2020-10-12,149841,0,2897811,20309,2572,0,147269
MAR,Africa,2020-10-13,149841,0,2922011,24200,2572,0,147269
MAR,Africa,2020-10-14,149841,0,2946459,24448,2572,0,147269
MAR,Africa,2020-10-15,149841,0,2969887,23428,2572,0,147269
MAR,Africa,2020-10-16,149841,0,2993488,23601,2572,0,147269
MAR,Africa,2020-10-17,149841,0,3017488,24000,2572,0,147269
MAR,Africa,2020-10-18,170911,21070,3040181,22693,2878,306,168033
MAR,Africa,2020-10-19,170911,0,3061219,21038,2878,0,168033
MAR,Africa,2020-10-20,170911,0,3084528,23309,2878,0,168033
MAR,Africa,2020-10-21,170911,0,3107430,22902,2878,0,168033
MAR,Africa,2020-10-22,170911,0,3130766,23336,2878,0,168033
MAR,Africa,2020-10-23,170911,0,3153471,22705,2878,0,168033
MAR,Africa,2020-10-24,170911,0,3176249,22778,2878,0,168033
MAR,Africa,2020-10-25,194461,23550,3197617,21368,3255,377,191206
MAR,Africa,2020-10-26,194461,0,3217978,20361,3255,0,191206
MAR,Africa,2020-10-27,194461,0,3240758,22780,3255,0,191206
MAR,Africa,2020-10-28,194461,0,3262844,22086,3255,0,191206
MAR,Africa,2020-10-29,194461,0,3285045,22201,3255,0,191206
MAR,Africa,2020-10-30,194461,0,3305323,20278,3255,0,191206
MAR,Africa,2020-10-31,194461,0,3326650,21327,3255,0,191206
MAR,Africa,2020-11-01,219084,24623,3347872,21222,3695,440,215389
MAR,Africa,2020-11-02,219084,0,3367671,19799,3695,0,215389
MAR,Africa,2020-11-03,219084,0,3388542,20871,3695,0,215389
MAR,Africa,2020-11-04,219084,0,3410053,21511,3695,0,215389
MAR,Africa,2020-11-05,219084,0,3430860,20807,3695,0,215389
MAR,Africa,2020-11-06,219084,0,3451451,20591,3695,0,215389
MAR,Africa,2020-11-07,219084,0,3471444,19993,3695,0,215389
MAR,Africa,2020-11-08,252185,33101,3491314,19870,4197,502,247988
MAR,Africa,2020-11-09,252185,0,3510417,19103,4197,0,247988
MAR,Africa,2020-11-10,252185,0,3531400,20983,4197,0,247988
MAR,Africa,2020-11-11,252185,0,3553127,21727,4197,0,247988
MAR,Africa,2020-11-12,252185,0,3576692,23565,4197,0,247988
MAR,Africa,2020-11-13,252185,0,3600396,23704,4197,0,247988
MAR,Africa,2020-11-14,252185,0,3623519,23123,4197,0,247988
MAR,Africa,2020-11-15,288211,36026,3646330,22811,4697,500,283514
MAR,Africa,2020-11-16,288211,0,3664662,18332,4697,0,283514
MAR,Africa,2020-11-17,288211,0,3688225,23563,4697,0,283514
MAR,Africa,2020-11-18,288211,0,3711044,22819,4697,0,283514
MAR,Africa,2020-11-19,288211,0,3733534,22490,4697,0,283514
MAR,Africa,2020-11-20,288211,0,3753724,20190,4697,0,283514
MAR,Africa,2020-11-21,288211,0,3776678,22954,4697,0,283514
MAR,Africa,2020-11-22,320962,32751,3796876,20198,5256,559,315706
MAR,Africa,2020-11-23,320962,0,3814442,17566,5256,0,315706
MAR,Africa,2020-11-24,320962,0,3833549,19107,5256,0,315706
MAR,Africa,2020-11-25,320962,0,3854502,20953,5256,0,315706
MAR,Africa,2020-11-26,320962,0,3875930,21428,5256,0,315706
MAR,Africa,2020-11-27,320962,0,3897947,22017,5256,0,315706
MAR,Africa,2020-11-28,320962,0,3920170,22223,5256,0,315706
MAR,Africa,2020-11-29,349688,28726,3939350,19180,5739,483,343949
MAR,Africa,2020-11-30,349688,0,3953900,14550,5739,0,343949
MAR,Africa,2020-12-01,349688,0,3974785,20885,5739,0,343949
MAR,Africa,2020-12-02,349688,0,3995885,21100,5739,0,343949
MAR,Africa,2020-12-03,349688,0,4016991,21106,5739,0,343949
MAR,Africa,2020-12-04,349688,0,4038601,21610,5739,0,343949
MAR,Africa,2020-12-05,349688,0,4058751,20150,5739,0,343949
MAR,Africa,2020-12-06,376738,27050,4074451,15700,6184,445,370554
MAR,Africa,2020-12-07,376738,0,4086436,11985,6184,0,370554
MAR,Africa,2020-12-08,376738,0,4103482,17046,6184,0,370554
MAR,Africa,2020-12-09,376738,0,4122663,19181,6184,0,370554
MAR,Africa,2020-12-10,376738,0,4141842,19179,6184,0,370554
MAR,Africa,2020-12-11,376738,0,4161069,19227,6184,0,370554
MAR,Africa,2020-12-12,376738,0,4179619,18550,6184,0,370554
MAR,Africa,2020-12-13,397597,20859,4194760,15141,6589,405,391008
MAR,Africa,2020-12-14,397597,0,4204412,9652,6589,0,391008
MAR,Africa,2020-12-15,397597,0,4220907,16495,6589,0,391008
MAR,Africa,2020-12-16,397597,0,4237689,16782,6589,0,391008
MAR,Africa,2020-12-17,397597,0,4254699,17010,6589,0,391008
MAR,Africa,2020-12-18,397597,0,4269859,15160,6589,0,391008
MAR,Africa,2020-12-19,397597,0,4287640,17781,6589,0,391008
MAR,Africa,2020-12-20,415226,17629,4300996,13356,6909,320,408317
MAR,Africa,2020-12-21,415226,0,4308127,7131,6909,0,408317
MAR,Africa,2020-12-22,415226,0,4322989,14862,6909,0,408317
MAR,Africa,2020-12-23,415226,0,4338954,15965,6909,0,408317
MAR,Africa,2020-12-24,415226,0,4354454,15500,6909,0,408317
MAR,Africa,2020-12-25,415226,0,4369571,15117,6909,0,408317
MAR,Africa,2020-12-26,415226,0,4384421,14850,6909,0,408317
MAR,Africa,2020-12-27,430562,15336,4394830,10409,7204,295,423358
MAR,Africa,2020-12-28,430562,0,4404408,9578,7204,0,423358
MAR,Africa,2020-12-29,430562,0,4421874,17466,7204,0,423358
MAR,Africa,2020-12-30,430562,0,4439680,17806,7204,0,423358
MAR,Africa,2020-12-31,430562,0,4457349,17669,7204,0,423358
MAR,Africa,2021-01-01,430562,0,4473704,16355,7204,0,423358
MAR,Africa,2021-01-02,430562,0,4486984,13280,7204,0,423358
MAR,Africa,2021-01-03,442141,11579,4499434,12450,7452,248,434689
MAR,Africa,2021-01-04,442141,0,4507292,7858,7452,0,434689
MAR,Africa,2021-01-05,442141,0,4524423,17131,7452,0,434689
MAR,Africa,2021-01-06,442141,0,4541376,16953,7452,0,434689
MAR,Africa,2021-01-07,442141,0,4559754,18378,7452,0,434689
MAR,Africa,2021-01-08,442141,0,4577298,17544,7452,0,434689
MAR,Africa,2021-01-09,442141,0,4598872,21574,7452,0,434689
MAR,Africa,2021-01-10,451637,9496,4614140,15268,7709,257,443928
MAR,Africa,2021-01-11,451637,0,4621023,6883,7709,0,443928
MAR,Africa,2021-01-12,451637,0,4631377,10354,7709,0,443928
MAR,Africa,2021-01-13,451637,0,4649394,18017,7709,0,443928
MAR,Africa,2021-01-14,451637,0,4669254,19860,7709,0,443928
MAR,Africa,2021-01-15,451637,0,4689875,20621,7709,0,443928
MAR,Africa,2021-01-16,451637,0,4709698,19823,7709,0,443928
MAR,Africa,2021-01-17,458865,7228,4726070,16372,7911,202,450954
MAR,Africa,2021-01-18,458865,0,4733898,7828,7911,0,450954
MAR,Africa,2021-01-19,458865,0,4749868,15970,7911,0,450954
MAR,Africa,2021-01-20,458865,0,4765382,15514,7911,0,450954
MAR,Africa,2021-01-21,458865,0,4781377,15995,7911,0,450954
MAR,Africa,2021-01-22,458865,0,4797210,15833,7911,0,450954
MAR,Africa,2021-01-23,458865,0,4813540,16330,7911,0,450954
MAR,Africa,2021-01-24,465769,6904,4822622,9082,8128,217,457641
MAR,Africa,2021-01-25,465769,0,4828401,5779,8128,0,457641
MAR,Africa,2021-01-26,465769,0,4840461,12060,8128,0,457641
MAR,Africa,2021-01-27,465769,0,4853938,13477,8128,0,457641
MAR,Africa,2021-01-28,465769,0,4854579,641,8128,0,457641
MAR,Africa,2021-01-29,465769,0,4868678,14099,8128,0,457641
MAR,Africa,2021-01-30,465769,0,4883093,14415,8128,0,457641
MAR,Africa,2021-01-31,470691,4922,4904833,21740,8259,131,462432
MAR,Africa,2021-02-01,470691,0,4909803,4970,8259,0,462432
MAR,Africa,2021-02-02,470691,0,4921005,11202,8259,0,462432
MAR,Africa,2021-02-03,470691,0,4933656,12651,8259,0,462432
MAR,Africa,2021-02-04,470691,0,NA,NA,8259,0,462432
MAR,Africa,2021-02-05,470691,0,4958235,NA,8259,0,462432
MAR,Africa,2021-02-06,470691,0,4971828,13593,8259,0,462432
MAR,Africa,2021-02-07,474966,4275,4980174,8346,8381,122,466585
MAR,Africa,2021-02-08,474966,0,4985294,5120,8381,0,466585
MAR,Africa,2021-02-09,474966,0,4994672,9378,8381,0,466585
MAR,Africa,2021-02-10,474966,0,5005512,10840,8381,0,466585
MAR,Africa,2021-02-11,474966,0,5015968,10456,8381,0,466585
MAR,Africa,2021-02-12,474966,0,5027093,11125,8381,0,466585
MAR,Africa,2021-02-13,474966,0,5038051,10958,8381,0,466585
MAR,Africa,2021-02-14,478135,3169,5045830,7779,8460,79,469675
MAR,Africa,2021-02-15,478135,0,5050197,4367,8460,0,469675
MAR,Africa,2021-02-16,478135,0,5059147,8950,8460,0,469675
MAR,Africa,2021-02-17,478135,0,5068748,9601,8460,0,469675
MAR,Africa,2021-02-18,478135,0,5079337,10589,8460,0,469675
MAR,Africa,2021-02-19,478135,0,5089223,9886,8460,0,469675
MAR,Africa,2021-02-20,478135,0,5099195,9972,8460,0,469675
MAR,Africa,2021-02-21,480948,2813,5106983,7788,8548,88,472400
MAR,Africa,2021-02-22,480948,0,5111873,4890,8548,0,472400
MAR,Africa,2021-02-23,480948,0,5120380,8507,8548,0,472400
MAR,Africa,2021-02-24,480948,0,5129731,9351,8548,0,472400
MAR,Africa,2021-02-25,480948,0,5140209,10478,8548,0,472400
MAR,Africa,2021-02-26,480948,0,5151718,11509,8548,0,472400
MAR,Africa,2021-02-27,480948,0,5163721,12003,8548,0,472400
MAR,Africa,2021-02-28,483410,2462,NA,NA,8615,67,474795
MAR,Africa,2021-03-01,483410,0,NA,NA,8615,0,474795
MAR,Africa,2021-03-02,483410,0,5186942,NA,8615,0,474795
MAR,Africa,2021-03-03,483410,0,5197596,10654,8615,0,474795
MAR,Africa,2021-03-04,483410,0,5210616,13020,8615,0,474795
MAR,Africa,2021-03-05,483410,0,5222904,12288,8615,0,474795
MAR,Africa,2021-03-06,483410,0,5234576,11672,8615,0,474795
MAR,Africa,2021-03-07,485974,2564,5243200,8624,8676,61,477298
MAR,Africa,2021-03-08,485974,0,5247384,4184,8676,0,477298
MAR,Africa,2021-03-09,485974,0,5256679,9295,8676,0,477298
MAR,Africa,2021-03-10,485974,0,5267647,10968,8676,0,477298
MAR,Africa,2021-03-11,485974,0,5279991,12344,8676,0,477298
MAR,Africa,2021-03-12,485974,0,5293073,13082,8676,0,477298
MAR,Africa,2021-03-13,485974,0,5304996,11923,8676,0,477298
MAR,Africa,2021-03-14,488632,2658,5312601,7605,8718,42,479914
MAR,Africa,2021-03-15,488632,0,5316120,3519,8718,0,479914
MAR,Africa,2021-03-16,488632,0,5326929,10809,8718,0,479914
MAR,Africa,2021-03-17,488632,0,5336889,9960,8718,0,479914
MAR,Africa,2021-03-18,488632,0,5347174,10285,8718,0,479914
MAR,Africa,2021-03-19,488632,0,5357455,10281,8718,0,479914
MAR,Africa,2021-03-20,488632,0,5369133,11678,8718,0,479914
MAR,Africa,2021-03-21,491463,2831,5375491,6358,8763,45,482700
MAR,Africa,2021-03-22,491463,0,5379920,4429,8763,0,482700
MAR,Africa,2021-03-23,491463,0,5389706,9786,8763,0,482700
MAR,Africa,2021-03-24,491463,0,5399770,10064,8763,0,482700
MAR,Africa,2021-03-25,491463,0,5411334,11564,8763,0,482700
MAR,Africa,2021-03-26,491463,0,5423406,12072,8763,0,482700
MAR,Africa,2021-03-27,491463,0,5436000,12594,8763,0,482700
MAR,Africa,2021-03-28,494358,2895,5443945,7945,8798,35,485560
MAR,Africa,2021-03-29,494358,0,5448151,4206,8798,0,485560
MAR,Africa,2021-03-30,494358,0,5460086,11935,8798,0,485560
MAR,Africa,2021-03-31,494358,0,5473383,13297,8798,0,485560
MAR,Africa,2021-04-01,494358,0,NA,NA,8798,0,485560
MAR,Africa,2021-04-02,494358,0,5499948,NA,8798,0,485560
MAR,Africa,2021-04-03,494358,0,5514296,14348,8798,0,485560
MAR,Africa,2021-04-04,497832,3474,5521700,7404,8842,44,488990
MAR,Africa,2021-04-05,497832,0,5525727,4027,8842,0,488990
MAR,Africa,2021-04-06,497832,0,5537715,11988,8842,0,488990
MAR,Africa,2021-04-07,497832,0,5551497,13782,8842,0,488990
MAR,Africa,2021-04-08,497832,0,5565254,13757,8842,0,488990
MAR,Africa,2021-04-09,497832,0,5578552,13298,8842,0,488990
MAR,Africa,2021-04-10,497832,0,5590179,11627,8842,0,488990
MAR,Africa,2021-04-11,501688,3856,5599177,8998,8891,49,492797
MAR,Africa,2021-04-12,501688,0,5604154,4977,8891,0,492797
MAR,Africa,2021-04-13,501688,0,5613774,9620,8891,0,492797
MAR,Africa,2021-04-14,501688,0,5623358,9584,8891,0,492797
MAR,Africa,2021-04-15,501688,0,5633175,9817,8891,0,492797
MAR,Africa,2021-04-16,501688,0,5642017,8842,8891,0,492797
MAR,Africa,2021-04-17,501688,0,5652044,10027,8891,0,492797
MAR,Africa,2021-04-18,505447,3759,5657536,5492,8944,53,496503
MAR,Africa,2021-04-19,505447,0,5661123,3587,8944,0,496503
MAR,Africa,2021-04-20,505447,0,5669591,8468,8944,0,496503
MAR,Africa,2021-04-21,505447,0,5679002,9411,8944,0,496503
MAR,Africa,2021-04-22,505447,0,5687764,8762,8944,0,496503
MAR,Africa,2021-04-23,505447,0,5696706,8942,8944,0,496503
MAR,Africa,2021-04-24,505447,0,5705734,9028,8944,0,496503
MAR,Africa,2021-04-25,509037,3590,5712404,6670,8988,44,500049
MAR,Africa,2021-04-26,509037,0,5716093,3689,8988,0,500049
MAR,Africa,2021-04-27,509037,0,5724625,8532,8988,0,500049
MAR,Africa,2021-04-28,509037,0,5733213,8588,8988,0,500049
MAR,Africa,2021-04-29,509037,0,5742207,8994,8988,0,500049
MAR,Africa,2021-04-30,509037,0,5750626,8419,8988,0,500049
MAR,Africa,2021-05-01,509037,0,5758633,8007,8988,0,500049
MAR,Africa,2021-05-02,511562,2525,5766301,7668,9026,38,502536
MAR,Africa,2021-05-03,511562,0,5770632,4331,9026,0,502536
MAR,Africa,2021-05-04,511562,0,5780041,9409,9026,0,502536
MAR,Africa,2021-05-05,511562,0,5789024,8983,9026,0,502536
MAR,Africa,2021-05-06,511562,0,5798007,8983,9026,0,502536
MAR,Africa,2021-05-07,511562,0,5807220,9213,9026,0,502536
MAR,Africa,2021-05-08,511562,0,5816715,9495,9026,0,502536
MAR,Africa,2021-05-09,513628,2066,5823250,6535,9064,38,504564
MAR,Africa,2021-05-10,513628,0,5826721,3471,9064,0,504564
MAR,Africa,2021-05-11,513628,0,5834676,7955,9064,0,504564
MAR,Africa,2021-05-12,513628,0,5843362,8686,9064,0,504564
MAR,Africa,2021-05-13,513628,0,5852501,9139,9064,0,504564
MAR,Africa,2021-05-14,513628,0,5855910,3409,9064,0,504564
MAR,Africa,2021-05-15,513628,0,5859602,3692,9064,0,504564
MAR,Africa,2021-05-16,514817,1189,5865945,6343,9098,34,505719
MAR,Africa,2021-05-17,514817,0,5869966,4021,9098,0,505719
MAR,Africa,2021-05-18,514817,0,5880654,10688,9098,0,505719
MAR,Africa,2021-05-19,514817,0,5890403,9749,9098,0,505719
MAR,Africa,2021-05-20,514817,0,5900808,10405,9098,0,505719
MAR,Africa,2021-05-21,514817,0,5911171,10363,9098,0,505719
MAR,Africa,2021-05-22,514817,0,5922536,11365,9098,0,505719
MAR,Africa,2021-05-23,516812,1995,5930826,8290,9119,21,507693
MAR,Africa,2021-05-24,516812,0,5934321,3495,9119,0,507693
MAR,Africa,2021-05-25,516812,0,5943168,8847,9119,0,507693
MAR,Africa,2021-05-26,516812,0,5952786,9618,9119,0,507693
MAR,Africa,2021-05-27,516812,0,5961721,8935,9119,0,507693
MAR,Africa,2021-05-28,516812,0,5971824,10103,9119,0,507693
MAR,Africa,2021-05-29,516812,0,5981845,10021,9119,0,507693
MAR,Africa,2021-05-30,518868,2056,5988890,7045,9138,19,509730
MAR,Africa,2021-05-31,518868,0,5993324,4434,9138,0,509730
MAR,Africa,2021-06-01,518868,0,6002020,8696,9138,0,509730
MAR,Africa,2021-06-02,518868,0,6011479,9459,9138,0,509730
MAR,Africa,2021-06-03,518868,0,6020249,8770,9138,0,509730
MAR,Africa,2021-06-04,518868,0,6030140,9891,9138,0,509730
MAR,Africa,2021-06-05,518868,0,6040467,10327,9138,0,509730
MAR,Africa,2021-06-06,521195,2327,6047147,6680,9173,35,512022
MAR,Africa,2021-06-07,521195,0,6050938,3791,9173,0,512022
MAR,Africa,2021-06-08,521195,0,6060835,9897,9173,0,512022
MAR,Africa,2021-06-09,521195,0,6070731,9896,9173,0,512022
MAR,Africa,2021-06-10,521195,0,6079920,9189,9173,0,512022
MAR,Africa,2021-06-11,521195,0,NA,NA,9173,0,512022
MAR,Africa,2021-06-12,521195,0,6098784,NA,9173,0,512022
MAR,Africa,2021-06-13,523620,2425,6105784,7000,9207,34,514413
MAR,Africa,2021-06-14,523620,0,6110273,4489,9207,0,514413
MAR,Africa,2021-06-15,523620,0,6122371,12098,9207,0,514413
MAR,Africa,2021-06-16,523620,0,6137017,14646,9207,0,514413
MAR,Africa,2021-06-17,523620,0,6150869,13852,9207,0,514413
MAR,Africa,2021-06-18,523620,0,6164912,14043,9207,0,514413
MAR,Africa,2021-06-19,523620,0,6178092,13180,9207,0,514413
MAR,Africa,2021-06-20,526363,2743,6187109,9017,9237,30,517126
MAR,Africa,2021-06-21,526363,0,6192757,5648,9237,0,517126
MAR,Africa,2021-06-22,526363,0,6205301,12544,9237,0,517126
MAR,Africa,2021-06-23,526363,0,6217788,12487,9237,0,517126
MAR,Africa,2021-06-24,526363,0,6230211,12423,9237,0,517126
MAR,Africa,2021-06-25,526363,0,6243260,13049,9237,0,517126
MAR,Africa,2021-06-26,526363,0,6256531,13271,9237,0,517126
MAR,Africa,2021-06-27,529224,2861,6268126,11595,9273,36,519951
MAR,Africa,2021-06-28,529224,0,6273223,5097,9273,0,519951
MAR,Africa,2021-06-29,529224,0,6288012,14789,9273,0,519951
MAR,Africa,2021-06-30,529224,0,6304409,16397,9273,0,519951
MAR,Africa,2021-07-01,529224,0,6322530,18121,9273,0,519951
MAR,Africa,2021-07-02,529224,0,6340705,18175,9273,0,519951
MAR,Africa,2021-07-03,529224,0,6361081,20376,9273,0,519951
MAR,Africa,2021-07-04,533945,4721,6373617,12536,9315,42,524630
MAR,Africa,2021-07-05,533945,0,6380279,6662,9315,0,524630
MAR,Africa,2021-07-06,533945,0,6399748,19469,9315,0,524630
MAR,Africa,2021-07-07,533945,0,6420704,20956,9315,0,524630
MAR,Africa,2021-07-08,533945,0,6439126,18422,9315,0,524630
MAR,Africa,2021-07-09,533945,0,6460342,21216,9315,0,524630
MAR,Africa,2021-07-10,533945,0,6483281,22939,9315,0,524630
MAR,Africa,2021-07-11,541405,7460,6496742,13461,9360,45,532045
MAR,Africa,2021-07-12,541405,0,6502515,5773,9360,0,532045
MAR,Africa,2021-07-13,541405,0,6523909,21394,9360,0,532045
MAR,Africa,2021-07-14,541405,0,6547425,23516,9360,0,532045
MAR,Africa,2021-07-15,541405,0,6570960,23535,9360,0,532045
MAR,Africa,2021-07-16,541405,0,6595997,25037,9360,0,532045
MAR,Africa,2021-07-17,541405,0,6619410,23413,9360,0,532045
MAR,Africa,2021-07-18,555488,14083,6637542,18132,9434,74,546054
MAR,Africa,2021-07-19,555488,0,NA,NA,9434,0,546054
MAR,Africa,2021-07-20,555488,0,6663284,NA,9434,0,546054
MAR,Africa,2021-07-21,555488,0,6689172,25888,9434,0,546054
MAR,Africa,2021-07-22,555488,0,6704506,15334,9434,0,546054
MAR,Africa,2021-07-23,555488,0,6715818,11312,9434,0,546054
MAR,Africa,2021-07-24,555488,0,6743750,27932,9434,0,546054
MAR,Africa,2021-07-25,575162,19674,6768541,24791,9559,125,565603
MAR,Africa,2021-07-26,575162,0,6783237,14696,9559,0,565603
MAR,Africa,2021-07-27,575162,0,6821510,38273,9559,0,565603
MAR,Africa,2021-07-28,575162,0,6864568,43058,9559,0,565603
MAR,Africa,2021-07-29,575162,0,6908493,43925,9559,0,565603
MAR,Africa,2021-07-30,575162,0,6952898,44405,9559,0,565603
MAR,Africa,2021-07-31,575162,0,6985179,32281,9559,0,565603
MAR,Africa,2021-08-01,623528,48366,7014693,29514,9785,226,613743
MAR,Africa,2021-08-02,623528,0,7032812,18119,9785,0,613743
MAR,Africa,2021-08-03,623528,0,7073490,40678,9785,0,613743
MAR,Africa,2021-08-04,623528,0,7121492,48002,9785,0,613743
MAR,Africa,2021-08-05,623528,0,7169695,48203,9785,0,613743
MAR,Africa,2021-08-06,623528,0,7218131,48436,9785,0,613743
MAR,Africa,2021-08-07,623528,0,7265272,47141,9785,0,613743
MAR,Africa,2021-08-08,687292,63764,7301866,36594,10255,470,677037
MAR,Africa,2021-08-09,687292,0,7320718,18852,10255,0,677037
MAR,Africa,2021-08-10,687292,0,7366151,45433,10255,0,677037
MAR,Africa,2021-08-11,687292,0,7402593,36442,10255,0,677037
MAR,Africa,2021-08-12,687292,0,7454027,51434,10255,0,677037
MAR,Africa,2021-08-13,687292,0,7505044,51017,10255,0,677037
MAR,Africa,2021-08-14,687292,0,NA,NA,10255,0,677037
MAR,Africa,2021-08-15,752076,64784,7584380,NA,10933,678,741143
MAR,Africa,2021-08-16,752076,0,7601630,17250,10933,0,741143
MAR,Africa,2021-08-17,752076,0,7645056,43426,10933,0,741143
MAR,Africa,2021-08-18,752076,0,7691452,46396,10933,0,741143
MAR,Africa,2021-08-19,752076,0,7735577,44125,10933,0,741143
MAR,Africa,2021-08-20,752076,0,7776392,40815,10933,0,741143
MAR,Africa,2021-08-21,752076,0,7805692,29300,10933,0,741143
MAR,Africa,2021-08-22,806288,54212,7831347,25655,11677,744,794611
MAR,Africa,2021-08-23,806288,0,7846861,15514,11677,0,794611
MAR,Africa,2021-08-24,806288,0,7885292,38431,11677,0,794611
MAR,Africa,2021-08-25,806288,0,7926844,41552,11677,0,794611
MAR,Africa,2021-08-26,806288,0,7964719,37875,11677,0,794611
MAR,Africa,2021-08-27,806288,0,8001886,37167,11677,0,794611
MAR,Africa,2021-08-28,806288,0,8037017,35131,11677,0,794611
MAR,Africa,2021-08-29,849532,43244,8062253,25236,12361,684,837171
MAR,Africa,2021-08-30,849532,0,8077091,14838,12361,0,837171
MAR,Africa,2021-08-31,849532,0,8112980,35889,12361,0,837171
MAR,Africa,2021-09-01,849532,0,8152679,39699,12361,0,837171
MAR,Africa,2021-09-02,849532,0,8188219,35540,12361,0,837171
MAR,Africa,2021-09-03,849532,0,NA,NA,12361,0,837171
MAR,Africa,2021-09-04,849532,0,8254762,NA,12361,0,837171
MAR,Africa,2021-09-05,881042,31510,8278164,23402,12993,632,868049
MAR,Africa,2021-09-06,881042,0,8291251,13087,12993,0,868049
MAR,Africa,2021-09-07,881042,0,8321577,30326,12993,0,868049
MAR,Africa,2021-09-08,881042,0,8352143,30566,12993,0,868049
MAR,Africa,2021-09-09,881042,0,8378637,26494,12993,0,868049
MAR,Africa,2021-09-10,881042,0,8403697,25060,12993,0,868049
MAR,Africa,2021-09-11,881042,0,8429527,25830,12993,0,868049
MAR,Africa,2021-09-12,902694,21652,8449362,19835,13488,495,889206
MAR,Africa,2021-09-13,902694,0,8459324,9962,13488,0,889206
MAR,Africa,2021-09-14,902694,0,8485832,26508,13488,0,889206
MAR,Africa,2021-09-15,902694,0,8510851,25019,13488,0,889206
MAR,Africa,2021-09-16,902694,0,8533903,23052,13488,0,889206
MAR,Africa,2021-09-17,902694,0,8556196,22293,13488,0,889206
MAR,Africa,2021-09-18,902694,0,8577913,21717,13488,0,889206
MAR,Africa,2021-09-19,918126,15432,8593460,15547,13876,388,904250
MAR,Africa,2021-09-20,918126,0,8603089,9629,13876,0,904250
MAR,Africa,2021-09-21,918126,0,NA,NA,13876,0,904250
MAR,Africa,2021-09-22,918126,0,8643246,NA,13876,0,904250
MAR,Africa,2021-09-23,918126,0,8661569,18323,13876,0,904250
MAR,Africa,2021-09-24,918126,0,8680698,19129,13876,0,904250
MAR,Africa,2021-09-25,918126,0,8699453,18755,13876,0,904250
MAR,Africa,2021-09-26,928571,10445,NA,NA,14132,256,914439
MAR,Africa,2021-09-27,928571,0,8721384,NA,14132,0,914439
MAR,Africa,2021-09-28,928571,0,8740592,19208,14132,0,914439
MAR,Africa,2021-09-29,928571,0,8758671,18079,14132,0,914439
MAR,Africa,2021-09-30,928571,0,8775932,17261,14132,0,914439
MAR,Africa,2021-10-01,928571,0,8792124,16192,14132,0,914439
MAR,Africa,2021-10-02,928571,0,8808282,16158,14132,0,914439
MAR,Africa,2021-10-03,934828,6257,8819929,11647,14315,183,920513
MAR,Africa,2021-10-04,934828,0,8826529,6600,14315,0,920513
MAR,Africa,2021-10-05,934828,0,8840557,14028,14315,0,920513
MAR,Africa,2021-10-06,934828,0,8853903,13346,14315,0,920513
MAR,Africa,2021-10-07,934828,0,8867027,13124,14315,0,920513
MAR,Africa,2021-10-08,934828,0,8878885,11858,14315,0,920513
MAR,Africa,2021-10-09,934828,0,8893715,14830,14315,0,920513
MAR,Africa,2021-10-10,938801,3973,8904077,10362,14443,128,924358
MAR,Africa,2021-10-11,938801,0,8908962,4885,14443,0,924358
MAR,Africa,2021-10-12,938801,0,8923240,14278,14443,0,924358
MAR,Africa,2021-10-13,938801,0,NA,NA,14443,0,924358
MAR,Africa,2021-10-14,938801,0,8951872,NA,14443,0,924358
MAR,Africa,2021-10-15,938801,0,8965026,13154,14443,0,924358
MAR,Africa,2021-10-16,938801,0,8978956,13930,14443,0,924358
MAR,Africa,2021-10-17,941863,3062,8988264,9308,14537,94,927326
MAR,Africa,2021-10-18,941863,0,8993764,5500,14537,0,927326
MAR,Africa,2021-10-19,941863,0,9006785,13021,14537,0,927326
MAR,Africa,2021-10-20,941863,0,9014549,7764,14537,0,927326
MAR,Africa,2021-10-21,941863,0,9023396,8847,14537,0,927326
MAR,Africa,2021-10-22,941863,0,9037532,14136,14537,0,927326
MAR,Africa,2021-10-23,941863,0,9054726,17194,14537,0,927326
MAR,Africa,2021-10-24,944076,2213,9066418,11692,14606,69,929470
MAR,Africa,2021-10-25,944076,0,9072561,6143,14606,0,929470
MAR,Africa,2021-10-26,944076,0,9085529,12968,14606,0,929470
MAR,Africa,2021-10-27,944076,0,9099199,13670,14606,0,929470
MAR,Africa,2021-10-28,944076,0,9111374,12175,14606,0,929470
MAR,Africa,2021-10-29,944076,0,9124683,13309,14606,0,929470
MAR,Africa,2021-10-30,944076,0,9140720,16037,14606,0,929470
MAR,Africa,2021-10-31,945960,1884,9152681,11961,14667,61,931293
MAR,Africa,2021-11-01,945960,0,9161558,8877,14667,0,931293
MAR,Africa,2021-11-02,945960,0,9174694,13136,14667,0,931293
MAR,Africa,2021-11-03,945960,0,9189199,14505,14667,0,931293
MAR,Africa,2021-11-04,945960,0,9201794,12595,14667,0,931293
MAR,Africa,2021-11-05,945960,0,9213748,11954,14667,0,931293
MAR,Africa,2021-11-06,945960,0,9227081,13333,14667,0,931293
MAR,Africa,2021-11-07,947307,1347,NA,NA,14706,39,932601
MAR,Africa,2021-11-08,947307,0,9244671,NA,14706,0,932601
MAR,Africa,2021-11-09,947307,0,9256464,11793,14706,0,932601
MAR,Africa,2021-11-10,947307,0,9267873,11409,14706,0,932601
MAR,Africa,2021-11-11,947307,0,9280343,12470,14706,0,932601
MAR,Africa,2021-11-12,947307,0,9291775,11432,14706,0,932601
MAR,Africa,2021-11-13,947307,0,9304253,12478,14706,0,932601
MAR,Africa,2021-11-14,948157,850,9313954,9701,14740,34,933417
MAR,Africa,2021-11-15,948157,0,9319659,5705,14740,0,933417
MAR,Africa,2021-11-16,948157,0,9330879,11220,14740,0,933417
MAR,Africa,2021-11-17,948157,0,9342634,11755,14740,0,933417
MAR,Africa,2021-11-18,948157,0,9355068,12434,14740,0,933417
MAR,Africa,2021-11-19,948157,0,9364631,9563,14740,0,933417
MAR,Africa,2021-11-20,948157,0,9377549,12918,14740,0,933417
MAR,Africa,2021-11-21,948830,673,9387069,9520,14761,21,934069
MAR,Africa,2021-11-22,948830,0,9394124,7055,14761,0,934069
MAR,Africa,2021-11-23,948830,0,9406455,12331,14761,0,934069
MAR,Africa,2021-11-24,948830,0,NA,NA,14761,0,934069
MAR,Africa,2021-11-25,948830,0,9429781,NA,14761,0,934069
MAR,Africa,2021-11-26,948830,0,9441218,11437,14761,0,934069
MAR,Africa,2021-11-27,948830,0,9454336,13118,14761,0,934069
MAR,Africa,2021-11-28,949648,818,9466913,12577,14774,13,934874
MAR,Africa,2021-11-29,949648,0,NA,NA,14774,0,934874
MAR,Africa,2021-11-30,949648,0,9494575,NA,14774,0,934874
MAR,Africa,2021-12-01,949648,0,9508303,13728,14774,0,934874
MAR,Africa,2021-12-02,949648,0,9517976,9673,14774,0,934874
MAR,Africa,2021-12-03,949648,0,9527608,9632,14774,0,934874
MAR,Africa,2021-12-04,949648,0,9540962,13354,14774,0,934874
MAR,Africa,2021-12-05,950501,853,NA,NA,14787,13,935714
MAR,Africa,2021-12-06,950501,0,9555531,NA,14787,0,935714
MAR,Africa,2021-12-07,950501,0,9566172,10641,14787,0,935714
MAR,Africa,2021-12-08,950501,0,9575111,8939,14787,0,935714
MAR,Africa,2021-12-09,950501,0,9584939,9828,14787,0,935714
MAR,Africa,2021-12-10,950501,0,9596647,11708,14787,0,935714
MAR,Africa,2021-12-11,950501,0,9608213,11566,14787,0,935714
MAR,Africa,2021-12-12,951380,879,9615527,7314,14796,9,936584
MAR,Africa,2021-12-13,951380,0,9620250,4723,14796,0,936584
MAR,Africa,2021-12-14,951380,0,9631317,11067,14796,0,936584
MAR,Africa,2021-12-15,951380,0,9643445,12128,14796,0,936584
MAR,Africa,2021-12-16,951380,0,NA,NA,14796,0,936584
MAR,Africa,2021-12-17,951380,0,9672124,NA,14796,0,936584
MAR,Africa,2021-12-18,951380,0,9688350,16226,14796,0,936584
MAR,Africa,2021-12-19,952628,1248,9698058,9708,14808,12,937820
MAR,Africa,2021-12-20,952628,0,NA,NA,14808,0,937820
MAR,Africa,2021-12-21,952628,0,9722286,NA,14808,0,937820
MAR,Africa,2021-12-22,952628,0,9739408,17122,14808,0,937820
MAR,Africa,2021-12-23,952628,0,9756028,16620,14808,0,937820
MAR,Africa,2021-12-24,952628,0,9775035,19007,14808,0,937820
MAR,Africa,2021-12-25,952628,0,9792096,17061,14808,0,937820
MAR,Africa,2021-12-26,955587,2959,9804315,12219,14827,19,940760
MAR,Africa,2021-12-27,955587,0,9811562,7247,14827,0,940760
MAR,Africa,2021-12-28,955587,0,9828166,16604,14827,0,940760
MAR,Africa,2021-12-29,955587,0,9846128,17962,14827,0,940760
MAR,Africa,2021-12-30,955587,0,9863908,17780,14827,0,940760
MAR,Africa,2021-12-31,955587,0,9881067,17159,14827,0,940760
MAR,Africa,2022-01-01,955587,0,9899598,18531,14827,0,940760
MAR,Africa,2022-01-02,965420,9833,9908102,8504,14851,24,950569
MAR,Africa,2022-01-03,965420,0,9914314,6212,14851,0,950569
MAR,Africa,2022-01-04,965420,0,9936483,22169,14851,0,950569
MAR,Africa,2022-01-05,965420,0,9962366,25883,14851,0,950569
MAR,Africa,2022-01-06,965420,0,9989592,27226,14851,0,950569
MAR,Africa,2022-01-07,965420,0,10018928,29336,14851,0,950569
MAR,Africa,2022-01-08,965420,0,10049290,30362,14851,0,950569
MAR,Africa,2022-01-09,997121,31701,10070676,21386,14904,53,982217
MAR,Africa,2022-01-10,997121,0,10080695,10019,14904,0,982217
MAR,Africa,2022-01-11,997121,0,10111618,30923,14904,0,982217
MAR,Africa,2022-01-12,997121,0,10133872,22254,14904,0,982217
MAR,Africa,2022-01-13,997121,0,10167389,33517,14904,0,982217
MAR,Africa,2022-01-14,997121,0,10202611,35222,14904,0,982217
MAR,Africa,2022-01-15,997121,0,10238814,36203,14904,0,982217
MAR,Africa,2022-01-16,1043225,46104,10261108,22294,14963,59,1028262
MAR,Africa,2022-01-17,1043225,0,NA,NA,14963,0,1028262
MAR,Africa,2022-01-18,1043225,0,10305818,NA,14963,0,1028262
MAR,Africa,2022-01-19,1043225,0,10340933,35115,14963,0,1028262
MAR,Africa,2022-01-20,1043225,0,10381144,40211,14963,0,1028262
MAR,Africa,2022-01-21,1043225,0,10413318,32174,14963,0,1028262
MAR,Africa,2022-01-22,1043225,0,10445197,31879,14963,0,1028262
MAR,Africa,2022-01-23,1093978,50753,10464460,19263,15113,150,1078865
MAR,Africa,2022-01-24,1093978,0,10475477,11017,15113,0,1078865
MAR,Africa,2022-01-25,1093978,0,10504353,28876,15113,0,1078865
MAR,Africa,2022-01-26,1093978,0,10533010,28657,15113,0,1078865
MAR,Africa,2022-01-27,1093978,0,10558046,25036,15113,0,1078865
MAR,Africa,2022-01-28,1093978,0,10581473,23427,15113,0,1078865
MAR,Africa,2022-01-29,1093978,0,10602598,21125,15113,0,1078865
MAR,Africa,2022-01-30,1129140,35162,NA,NA,15328,215,1113812
MAR,Africa,2022-01-31,1129140,0,10623022,NA,15328,0,1113812
MAR,Africa,2022-02-01,1129140,0,10642515,19493,15328,0,1113812
MAR,Africa,2022-02-02,1129140,0,10661588,19073,15328,0,1113812
MAR,Africa,2022-02-03,1129140,0,10679405,17817,15328,0,1113812
MAR,Africa,2022-02-04,1129140,0,10695158,15753,15328,0,1113812
MAR,Africa,2022-02-05,1129140,0,10710139,14981,15328,0,1113812
MAR,Africa,2022-02-06,1146041,16901,10721328,11189,15575,247,1130466
MAR,Africa,2022-02-07,1146041,0,10730612,9284,15575,0,1130466
MAR,Africa,2022-02-08,1146041,0,10749518,18906,15575,0,1130466
MAR,Africa,2022-02-09,1146041,0,10767173,17655,15575,0,1130466
MAR,Africa,2022-02-10,1146041,0,10786146,18973,15575,0,1130466
MAR,Africa,2022-02-11,1146041,0,10802999,16853,15575,0,1130466
MAR,Africa,2022-02-12,1146041,0,10821082,18083,15575,0,1130466
MAR,Africa,2022-02-13,1154531,8490,10834077,12995,15766,191,1138765
MAR,Africa,2022-02-14,1154531,0,10844126,10049,15766,0,1138765
MAR,Africa,2022-02-15,1154531,0,10861058,16932,15766,0,1138765
MAR,Africa,2022-02-16,1154531,0,NA,NA,15766,0,1138765
MAR,Africa,2022-02-17,1154531,0,10892211,NA,15766,0,1138765
MAR,Africa,2022-02-18,1154531,0,10907939,15728,15766,0,1138765
MAR,Africa,2022-02-19,1154531,0,10925753,17814,15766,0,1138765
MAR,Africa,2022-02-20,1158669,4138,10941324,15571,15881,115,1142788
MAR,Africa,2022-02-21,1158669,0,10950440,9116,15881,0,1142788
MAR,Africa,2022-02-22,1158669,0,10966972,16532,15881,0,1142788
MAR,Africa,2022-02-23,1158669,0,10983704,16732,15881,0,1142788
MAR,Africa,2022-02-24,1158669,0,10997901,14197,15881,0,1142788
MAR,Africa,2022-02-25,1158669,0,11012702,14801,15881,0,1142788
MAR,Africa,2022-02-26,1158669,0,11028453,15751,15881,0,1142788
MAR,Africa,2022-02-27,1160750,2081,NA,NA,15970,89,1144780
MAR,Africa,2022-02-28,1160750,0,11049243,NA,15970,0,1144780
MAR,Africa,2022-03-01,1160750,0,NA,NA,15970,0,1144780
MAR,Africa,2022-03-02,1160750,0,11072384,NA,15970,0,1144780
MAR,Africa,2022-03-03,1160750,0,11081902,9518,15970,0,1144780
MAR,Africa,2022-03-04,1160750,0,11091502,9600,15970,0,1144780
MAR,Africa,2022-03-05,1160750,0,11101402,9900,15970,0,1144780
MAR,Africa,2022-03-06,1161586,836,11108695,7293,16015,45,1145571
MAR,Africa,2022-03-07,1161586,0,11114286,5591,16015,0,1145571
MAR,Africa,2022-03-08,1161586,0,11123624,9338,16015,0,1145571
MAR,Africa,2022-03-09,1161586,0,11132373,8749,16015,0,1145571
MAR,Africa,2022-03-10,1161586,0,11140499,8126,16015,0,1145571
MAR,Africa,2022-03-11,1161586,0,11148641,8142,16015,0,1145571
MAR,Africa,2022-03-12,1161586,0,11156652,8011,16015,0,1145571
MAR,Africa,2022-03-13,1162040,454,11163556,6904,16036,21,1146004
MAR,Africa,2022-03-14,1162040,0,11167880,4324,16036,0,1146004
MAR,Africa,2022-03-15,1162040,0,11175712,7832,16036,0,1146004
MAR,Africa,2022-03-16,1162040,0,11183027,7315,16036,0,1146004
MAR,Africa,2022-03-17,1162040,0,11190206,7179,16036,0,1146004
MAR,Africa,2022-03-18,1162040,0,NA,NA,16036,0,1146004
MAR,Africa,2022-03-19,1162040,0,NA,NA,16036,0,1146004
MAR,Africa,2022-03-20,1162444,404,11210398,NA,16051,15,1146393
MAR,Africa,2022-03-21,1162444,0,11215030,4632,16051,0,1146393
MAR,Africa,2022-03-22,1162444,0,NA,NA,16051,0,1146393
MAR,Africa,2022-03-23,1162444,0,NA,NA,16051,0,1146393
MAR,Africa,2022-03-24,1162444,0,11236520,NA,16051,0,1146393
MAR,Africa,2022-03-25,1162444,0,NA,NA,16051,0,1146393
MAR,Africa,2022-03-26,1162444,0,NA,NA,16051,0,1146393
MAR,Africa,2022-03-27,1162923,479,NA,NA,16057,6,1146866
MAR,Africa,2022-03-28,1162923,0,11261781,NA,16057,0,1146866
MAR,Africa,2022-03-29,1162923,0,NA,NA,16057,0,1146866
MAR,Africa,2022-03-30,1162923,0,NA,NA,16057,0,1146866
MAR,Africa,2022-03-31,1162923,0,NA,NA,16057,0,1146866
MAR,Africa,2022-04-01,1162923,0,11289112,NA,16057,0,1146866
MAR,Africa,2022-04-02,1162923,0,NA,NA,16057,0,1146866
MAR,Africa,2022-04-03,1163472,549,NA,NA,16060,3,1147412
MAR,Africa,2022-04-04,1163472,0,NA,NA,16060,0,1147412
MAR,Africa,2022-04-05,1163472,0,NA,NA,16060,0,1147412
MAR,Africa,2022-04-06,1163472,0,NA,NA,16060,0,1147412
MAR,Africa,2022-04-07,1163472,0,11320441,NA,16060,0,1147412
MAR,Africa,2022-04-08,1163472,0,NA,NA,16060,0,1147412
MAR,Africa,2022-04-09,1163472,0,NA,NA,16060,0,1147412
MAR,Africa,2022-04-10,1163962,490,11337119,NA,16061,1,1147901
MAR,Africa,2022-04-11,1163962,0,NA,NA,16061,0,1147901
MAR,Africa,2022-04-12,1163962,0,NA,NA,16061,0,1147901
MAR,Africa,2022-04-13,1163962,0,NA,NA,16061,0,1147901
MAR,Africa,2022-04-14,1163962,0,11359870,NA,16061,0,1147901
MAR,Africa,2022-04-15,1163962,0,NA,NA,16061,0,1147901
MAR,Africa,2022-04-16,1163962,0,NA,NA,16061,0,1147901
MAR,Africa,2022-04-17,1164345,383,11377550,NA,16062,1,1148283
MAR,Africa,2022-04-18,1164345,0,NA,NA,16062,0,1148283
MAR,Africa,2022-04-19,1164345,0,NA,NA,16062,0,1148283
MAR,Africa,2022-04-20,1164345,0,NA,NA,16062,0,1148283
MAR,Africa,2022-04-21,1164345,0,11406182,NA,16062,0,1148283
MAR,Africa,2022-04-22,1164345,0,NA,NA,16062,0,1148283
MAR,Africa,2022-04-23,1164345,0,NA,NA,16062,0,1148283
MAR,Africa,2022-04-24,1164670,325,11427802,NA,16065,3,1148605
MAR,Africa,2022-04-25,1164670,0,NA,NA,16065,0,1148605
MAR,Africa,2022-04-26,1164670,0,NA,NA,16065,0,1148605
MAR,Africa,2022-04-27,1164670,0,NA,NA,16065,0,1148605
MAR,Africa,2022-04-28,1164670,0,11451409,NA,16065,0,1148605
MAR,Africa,2022-04-29,1164670,0,NA,NA,16065,0,1148605
MAR,Africa,2022-04-30,1164670,0,NA,NA,16065,0,1148605
MAR,Africa,2022-05-01,1164953,283,11468924,NA,16069,4,1148884
MAR,Africa,2022-05-02,1164953,0,NA,NA,16069,0,1148884
MAR,Africa,2022-05-03,1164953,0,NA,NA,16069,0,1148884
MAR,Africa,2022-05-04,1164953,0,11480289,NA,16069,0,1148884
MAR,Africa,2022-05-05,1164953,0,NA,NA,16069,0,1148884
MAR,Africa,2022-05-06,1164953,0,NA,NA,16069,0,1148884
MAR,Africa,2022-05-07,1164953,0,NA,NA,16069,0,1148884
MAR,Africa,2022-05-08,1165206,253,11512857,NA,16070,1,1149136
MAR,Africa,2022-05-09,1165206,0,NA,NA,16070,0,1149136
MAR,Africa,2022-05-10,1165206,0,NA,NA,16070,0,1149136
MAR,Africa,2022-05-11,1165206,0,11535981,NA,16070,0,1149136
MAR,Africa,2022-05-12,1165206,0,NA,NA,16070,0,1149136
MAR,Africa,2022-05-13,1165206,0,NA,NA,16070,0,1149136
MAR,Africa,2022-05-14,1165206,0,NA,NA,16070,0,1149136
MAR,Africa,2022-05-15,1165706,500,NA,NA,16071,1,1149635
MAR,Africa,2022-05-16,1165706,0,11565683,NA,16071,0,1149635
MAR,Africa,2022-05-17,1165706,0,NA,NA,16071,0,1149635
MAR,Africa,2022-05-18,1165706,0,NA,NA,16071,0,1149635
MAR,Africa,2022-05-19,1165706,0,11585623,NA,16071,0,1149635
MAR,Africa,2022-05-20,1165706,0,NA,NA,16071,0,1149635
MAR,Africa,2022-05-21,1165706,0,NA,NA,16071,0,1149635
MAR,Africa,2022-05-22,1166530,824,NA,NA,16075,4,1150455
MAR,Africa,2022-05-23,1166530,0,11607598,NA,16075,0,1150455
MAR,Africa,2022-05-24,1166530,0,NA,NA,16075,0,1150455
MAR,Africa,2022-05-25,1166530,0,NA,NA,16075,0,1150455
MAR,Africa,2022-05-26,1166530,0,NA,NA,16075,0,1150455
MAR,Africa,2022-05-27,1166530,0,NA,NA,16075,0,1150455
MAR,Africa,2022-05-28,1166530,0,NA,NA,16075,0,1150455
MAR,Africa,2022-05-29,1167732,1202,NA,NA,16076,1,1151656
MAR,Africa,2022-05-30,1167732,0,NA,NA,16076,0,1151656
MAR,Africa,2022-05-31,1167732,0,NA,NA,16076,0,1151656
MAR,Africa,2022-06-01,1167732,0,NA,NA,16076,0,1151656
MAR,Africa,2022-06-02,1167732,0,NA,NA,16076,0,1151656
MAR,Africa,2022-06-03,1167732,0,NA,NA,16076,0,1151656
MAR,Africa,2022-06-04,1167732,0,NA,NA,16076,0,1151656
MAR,Africa,2022-06-05,1169920,2188,NA,NA,16079,3,1153841
MAR,Africa,2022-06-06,1169920,0,NA,NA,16079,0,1153841
MAR,Africa,2022-06-07,1169920,0,NA,NA,16079,0,1153841
MAR,Africa,2022-06-08,1169920,0,11708746,NA,16079,0,1153841
MAR,Africa,2022-06-09,1169920,0,NA,NA,16079,0,1153841
MAR,Africa,2022-06-10,1169920,0,NA,NA,16079,0,1153841
MAR,Africa,2022-06-11,1169920,0,NA,NA,16079,0,1153841
MAR,Africa,2022-06-12,1175104,5184,11738659,NA,16082,3,1159022
MAR,Africa,2022-06-13,1175104,0,NA,NA,16082,0,1159022
MAR,Africa,2022-06-14,1175104,0,NA,NA,16082,0,1159022
MAR,Africa,2022-06-15,1175104,0,NA,NA,16082,0,1159022
MAR,Africa,2022-06-16,1175104,0,NA,NA,16082,0,1159022
MAR,Africa,2022-06-17,1175104,0,NA,NA,16082,0,1159022
MAR,Africa,2022-06-18,1175104,0,NA,NA,16082,0,1159022
MAR,Africa,2022-06-19,1184732,9628,NA,NA,16086,4,1168646
MAR,Africa,2022-06-20,1184732,0,NA,NA,16086,0,1168646
MAR,Africa,2022-06-21,1184732,0,NA,NA,16086,0,1168646
MAR,Africa,2022-06-22,1184732,0,NA,NA,16086,0,1168646
MAR,Africa,2022-06-23,1184732,0,NA,NA,16086,0,1168646
MAR,Africa,2022-06-24,1184732,0,NA,NA,16086,0,1168646
MAR,Africa,2022-06-25,1184732,0,NA,NA,16086,0,1168646
MAR,Africa,2022-06-26,1202461,17729,NA,NA,16098,12,1186363
MAR,Africa,2022-06-27,1202461,0,NA,NA,16098,0,1186363
MAR,Africa,2022-06-28,1202461,0,NA,NA,16098,0,1186363
MAR,Africa,2022-06-29,1202461,0,NA,NA,16098,0,1186363
MAR,Africa,2022-06-30,1202461,0,NA,NA,16098,0,1186363
MAR,Africa,2022-07-01,1202461,0,NA,NA,16098,0,1186363
MAR,Africa,2022-07-02,1202461,0,NA,NA,16098,0,1186363
MAR,Africa,2022-07-03,1223585,21124,NA,NA,16116,18,1207469
MAR,Africa,2022-07-04,1223585,0,NA,NA,16116,0,1207469
MAR,Africa,2022-07-05,1223585,0,NA,NA,16116,0,1207469
MAR,Africa,2022-07-06,1223585,0,NA,NA,16116,0,1207469
MAR,Africa,2022-07-07,1223585,0,NA,NA,16116,0,1207469
MAR,Africa,2022-07-08,1223585,0,NA,NA,16116,0,1207469
MAR,Africa,2022-07-09,1223585,0,NA,NA,16116,0,1207469
MAR,Africa,2022-07-10,1240847,17262,NA,NA,16151,35,1224696
MAR,Africa,2022-07-11,1240847,0,NA,NA,16151,0,1224696
MAR,Africa,2022-07-12,1240847,0,NA,NA,16151,0,1224696
MAR,Africa,2022-07-13,1240847,0,NA,NA,16151,0,1224696
MAR,Africa,2022-07-14,1240847,0,NA,NA,16151,0,1224696
MAR,Africa,2022-07-15,1240847,0,NA,NA,16151,0,1224696
MAR,Africa,2022-07-16,1240847,0,NA,NA,16151,0,1224696
MAR,Africa,2022-07-17,1250510,9663,NA,NA,16178,27,1234332
MAR,Africa,2022-07-18,1250510,0,NA,NA,16178,0,1234332
MAR,Africa,2022-07-19,1250510,0,NA,NA,16178,0,1234332
MAR,Africa,2022-07-20,1250510,0,NA,NA,16178,0,1234332
MAR,Africa,2022-07-21,1250510,0,NA,NA,16178,0,1234332
MAR,Africa,2022-07-22,1250510,0,NA,NA,16178,0,1234332
MAR,Africa,2022-07-23,1250510,0,NA,NA,16178,0,1234332
MAR,Africa,2022-07-24,1257320,6810,NA,NA,16211,33,1241109
MAR,Africa,2022-07-25,1257320,0,NA,NA,16211,0,1241109
MAR,Africa,2022-07-26,1257320,0,NA,NA,16211,0,1241109
MAR,Africa,2022-07-27,1257320,0,NA,NA,16211,0,1241109
MAR,Africa,2022-07-28,1257320,0,NA,NA,16211,0,1241109
MAR,Africa,2022-07-29,1257320,0,NA,NA,16211,0,1241109
MAR,Africa,2022-07-30,1257320,0,NA,NA,16211,0,1241109
MAR,Africa,2022-07-31,1260759,3439,NA,NA,16234,23,1244525
MAR,Africa,2022-08-01,1260759,0,NA,NA,16234,0,1244525
MAR,Africa,2022-08-02,1260759,0,NA,NA,16234,0,1244525
MAR,Africa,2022-08-03,1260759,0,NA,NA,16234,0,1244525
MAR,Africa,2022-08-04,1260759,0,NA,NA,16234,0,1244525
MAR,Africa,2022-08-05,1260759,0,NA,NA,16234,0,1244525
MAR,Africa,2022-08-06,1260759,0,NA,NA,16234,0,1244525
MAR,Africa,2022-08-07,1262501,1742,NA,NA,16256,22,1246245
MAR,Africa,2022-08-08,1262501,0,NA,NA,16256,0,1246245
MAR,Africa,2022-08-09,1262501,0,NA,NA,16256,0,1246245
MAR,Africa,2022-08-10,1262501,0,NA,NA,16256,0,1246245
MAR,Africa,2022-08-11,1262501,0,NA,NA,16256,0,1246245
MAR,Africa,2022-08-12,1262501,0,NA,NA,16256,0,1246245
MAR,Africa,2022-08-13,1262501,0,NA,NA,16256,0,1246245
MAR,Africa,2022-08-14,1263373,872,NA,NA,16268,12,1247105
MAR,Africa,2022-08-15,1263373,0,NA,NA,16268,0,1247105
MAR,Africa,2022-08-16,1263373,0,NA,NA,16268,0,1247105
MAR,Africa,2022-08-17,1263373,0,NA,NA,16268,0,1247105
MAR,Africa,2022-08-18,1263373,0,NA,NA,16268,0,1247105
MAR,Africa,2022-08-19,1263373,0,NA,NA,16268,0,1247105
MAR,Africa,2022-08-20,1263373,0,NA,NA,16268,0,1247105
MAR,Africa,2022-08-21,1263943,570,NA,NA,16270,2,1247673
MAR,Africa,2022-08-22,1263943,0,NA,NA,16270,0,1247673
MAR,Africa,2022-08-23,1263943,0,NA,NA,16270,0,1247673
MAR,Africa,2022-08-24,1263943,0,NA,NA,16270,0,1247673
MAR,Africa,2022-08-25,1263943,0,NA,NA,16270,0,1247673
MAR,Africa,2022-08-26,1263943,0,NA,NA,16270,0,1247673
MAR,Africa,2022-08-27,1263943,0,NA,NA,16270,0,1247673
MAR,Africa,2022-08-28,1264286,343,NA,NA,16271,1,1248015
MAR,Africa,2022-08-29,1264286,0,NA,NA,16271,0,1248015
MAR,Africa,2022-08-30,1264286,0,NA,NA,16271,0,1248015
MAR,Africa,2022-08-31,1264286,0,NA,NA,16271,0,1248015
MAR,Africa,2022-09-01,1264286,0,NA,NA,16271,0,1248015
MAR,Africa,2022-09-02,1264286,0,NA,NA,16271,0,1248015
MAR,Africa,2022-09-03,1264286,0,NA,NA,16271,0,1248015
MAR,Africa,2022-09-04,1264531,245,NA,NA,16274,3,1248257
MAR,Africa,2022-09-05,1264531,0,NA,NA,16274,0,1248257
MAR,Africa,2022-09-06,1264531,0,NA,NA,16274,0,1248257
MAR,Africa,2022-09-07,1264531,0,NA,NA,16274,0,1248257
MAR,Africa,2022-09-08,1264531,0,NA,NA,16274,0,1248257
MAR,Africa,2022-09-09,1264531,0,NA,NA,16274,0,1248257
MAR,Africa,2022-09-10,1264531,0,NA,NA,16274,0,1248257
MAR,Africa,2022-09-11,1264648,117,NA,NA,16276,2,1248372
MAR,Africa,2022-09-12,1264648,0,NA,NA,16276,0,1248372
MAR,Africa,2022-09-13,1264648,0,NA,NA,16276,0,1248372
MAR,Africa,2022-09-14,1264648,0,NA,NA,16276,0,1248372
MAR,Africa,2022-09-15,1264648,0,NA,NA,16276,0,1248372
MAR,Africa,2022-09-16,1264648,0,NA,NA,16276,0,1248372
MAR,Africa,2022-09-17,1264648,0,NA,NA,16276,0,1248372
MAR,Africa,2022-09-18,1264762,114,NA,NA,16277,1,1248485
MAR,Africa,2022-09-19,1264762,0,NA,NA,16277,0,1248485
MAR,Africa,2022-09-20,1264762,0,NA,NA,16277,0,1248485
MAR,Africa,2022-09-21,1264762,0,NA,NA,16277,0,1248485
MAR,Africa,2022-09-22,1264762,0,NA,NA,16277,0,1248485
MAR,Africa,2022-09-23,1264762,0,NA,NA,16277,0,1248485
MAR,Africa,2022-09-24,1264762,0,NA,NA,16277,0,1248485
MAR,Africa,2022-09-25,1264872,110,NA,NA,16278,1,1248594
MAR,Africa,2022-09-26,1264872,0,NA,NA,16278,0,1248594
MAR,Africa,2022-09-27,1264872,0,NA,NA,16278,0,1248594
MAR,Africa,2022-09-28,1264872,0,NA,NA,16278,0,1248594
MAR,Africa,2022-09-29,1264872,0,NA,NA,16278,0,1248594
MAR,Africa,2022-09-30,1264872,0,NA,NA,16278,0,1248594
MAR,Africa,2022-10-01,1264872,0,NA,NA,16278,0,1248594
MAR,Africa,2022-10-02,1264961,89,NA,NA,16278,0,1248683
MAR,Africa,2022-10-03,1264961,0,NA,NA,16278,0,1248683
MAR,Africa,2022-10-04,1264961,0,NA,NA,16278,0,1248683
MAR,Africa,2022-10-05,1264961,0,NA,NA,16278,0,1248683
MAR,Africa,2022-10-06,1264961,0,NA,NA,16278,0,1248683
MAR,Africa,2022-10-07,1264961,0,NA,NA,16278,0,1248683
MAR,Africa,2022-10-08,1264961,0,NA,NA,16278,0,1248683
MAR,Africa,2022-10-09,1265086,125,NA,NA,16278,0,1248808
MAR,Africa,2022-10-10,1265086,0,NA,NA,16278,0,1248808
MAR,Africa,2022-10-11,1265086,0,NA,NA,16278,0,1248808
MAR,Africa,2022-10-12,1265086,0,NA,NA,16278,0,1248808
MAR,Africa,2022-10-13,1265086,0,NA,NA,16278,0,1248808
MAR,Africa,2022-10-14,1265086,0,NA,NA,16278,0,1248808
MAR,Africa,2022-10-15,1265086,0,NA,NA,16278,0,1248808
MAR,Africa,2022-10-16,1265201,115,NA,NA,16278,0,1248923
MAR,Africa,2022-10-17,1265201,0,NA,NA,16278,0,1248923
MAR,Africa,2022-10-18,1265201,0,NA,NA,16278,0,1248923
MAR,Africa,2022-10-19,1265201,0,NA,NA,16278,0,1248923
MAR,Africa,2022-10-20,1265201,0,NA,NA,16278,0,1248923
MAR,Africa,2022-10-21,1265201,0,NA,NA,16278,0,1248923
MAR,Africa,2022-10-22,1265201,0,NA,NA,16278,0,1248923
MAR,Africa,2022-10-23,1265382,181,NA,NA,16280,2,1249102
MAR,Africa,2022-10-24,1265382,0,NA,NA,16280,0,1249102
MAR,Africa,2022-10-25,1265382,0,NA,NA,16280,0,1249102
MAR,Africa,2022-10-26,1265382,0,NA,NA,16280,0,1249102
MAR,Africa,2022-10-27,1265382,0,NA,NA,16280,0,1249102
MAR,Africa,2022-10-28,1265382,0,NA,NA,16280,0,1249102
MAR,Africa,2022-10-29,1265382,0,NA,NA,16280,0,1249102
MAR,Africa,2022-10-30,1265572,190,NA,NA,16281,1,1249291
MAR,Africa,2022-10-31,1265572,0,NA,NA,16281,0,1249291
MAR,Africa,2022-11-01,1265572,0,NA,NA,16281,0,1249291
MAR,Africa,2022-11-02,1265572,0,NA,NA,16281,0,1249291
MAR,Africa,2022-11-03,1265572,0,NA,NA,16281,0,1249291
MAR,Africa,2022-11-04,1265572,0,NA,NA,16281,0,1249291
MAR,Africa,2022-11-05,1265572,0,NA,NA,16281,0,1249291
MAR,Africa,2022-11-06,1265965,393,NA,NA,16281,0,1249684
MAR,Africa,2022-11-07,1265965,0,NA,NA,16281,0,1249684
MAR,Africa,2022-11-08,1265965,0,NA,NA,16281,0,1249684
MAR,Africa,2022-11-09,1265965,0,NA,NA,16281,0,1249684
MAR,Africa,2022-11-10,1265965,0,NA,NA,16281,0,1249684
MAR,Africa,2022-11-11,1265965,0,NA,NA,16281,0,1249684
MAR,Africa,2022-11-12,1265965,0,NA,NA,16281,0,1249684
MAR,Africa,2022-11-13,1266561,596,NA,NA,16283,2,1250278
MAR,Africa,2022-11-14,1266561,0,NA,NA,16283,0,1250278
MAR,Africa,2022-11-15,1266561,0,NA,NA,16283,0,1250278
MAR,Africa,2022-11-16,1266561,0,NA,NA,16283,0,1250278
MAR,Africa,2022-11-17,1266561,0,NA,NA,16283,0,1250278
MAR,Africa,2022-11-18,1266561,0,NA,NA,16283,0,1250278
MAR,Africa,2022-11-19,1266561,0,NA,NA,16283,0,1250278
MAR,Africa,2022-11-20,1267266,705,NA,NA,16283,0,1250983
MAR,Africa,2022-11-21,1267266,0,NA,NA,16283,0,1250983
MAR,Africa,2022-11-22,1267266,0,NA,NA,16283,0,1250983
MAR,Africa,2022-11-23,1267266,0,NA,NA,16283,0,1250983
MAR,Africa,2022-11-24,1267266,0,NA,NA,16283,0,1250983
MAR,Africa,2022-11-25,1267266,0,NA,NA,16283,0,1250983
MAR,Africa,2022-11-26,1267266,0,NA,NA,16283,0,1250983
MAR,Africa,2022-11-27,1268295,1029,NA,NA,16284,1,1252011
MAR,Africa,2022-11-28,1268295,0,NA,NA,16284,0,1252011
MAR,Africa,2022-11-29,1268295,0,NA,NA,16284,0,1252011
MAR,Africa,2022-11-30,1268295,0,NA,NA,16284,0,1252011
MAR,Africa,2022-12-01,1268295,0,NA,NA,16284,0,1252011
MAR,Africa,2022-12-02,1268295,0,NA,NA,16284,0,1252011
MAR,Africa,2022-12-03,1268295,0,NA,NA,16284,0,1252011
MAR,Africa,2022-12-04,1269296,1001,NA,NA,16285,1,1253011
MAR,Africa,2022-12-05,1269296,0,NA,NA,16285,0,1253011
MAR,Africa,2022-12-06,1269296,0,NA,NA,16285,0,1253011
MAR,Africa,2022-12-07,1269296,0,NA,NA,16285,0,1253011
MAR,Africa,2022-12-08,1269296,0,NA,NA,16285,0,1253011
MAR,Africa,2022-12-09,1269296,0,NA,NA,16285,0,1253011
MAR,Africa,2022-12-10,1269296,0,NA,NA,16285,0,1253011
MAR,Africa,2022-12-11,1270119,823,NA,NA,16288,3,1253831
MAR,Africa,2022-12-12,1270119,0,NA,NA,16288,0,1253831
MAR,Africa,2022-12-13,1270119,0,NA,NA,16288,0,1253831
MAR,Africa,2022-12-14,1270119,0,NA,NA,16288,0,1253831
MAR,Africa,2022-12-15,1270119,0,NA,NA,16288,0,1253831
MAR,Africa,2022-12-16,1270119,0,NA,NA,16288,0,1253831
MAR,Africa,2022-12-17,1270119,0,NA,NA,16288,0,1253831
MAR,Africa,2022-12-18,1270782,663,NA,NA,16294,6,1254488
MAR,Africa,2022-12-19,1270782,0,NA,NA,16294,0,1254488
MAR,Africa,2022-12-20,1270782,0,NA,NA,16294,0,1254488
MAR,Africa,2022-12-21,1270782,0,NA,NA,16294,0,1254488
MAR,Africa,2022-12-22,1270782,0,NA,NA,16294,0,1254488
MAR,Africa,2022-12-23,1270782,0,NA,NA,16294,0,1254488
MAR,Africa,2022-12-24,1270782,0,NA,NA,16294,0,1254488
MAR,Africa,2022-12-25,1271244,462,NA,NA,16294,0,1254950
MAR,Africa,2022-12-26,1271244,0,NA,NA,16294,0,1254950
MAR,Africa,2022-12-27,1271244,0,NA,NA,16294,0,1254950
MAR,Africa,2022-12-28,1271244,0,NA,NA,16294,0,1254950
MAR,Africa,2022-12-29,1271244,0,NA,NA,16294,0,1254950
MAR,Africa,2022-12-30,1271244,0,NA,NA,16294,0,1254950
MAR,Africa,2022-12-31,1271244,0,NA,NA,16294,0,1254950
MAR,Africa,2023-01-01,1271595,351,NA,NA,16294,0,1255301
MAR,Africa,2023-01-02,1271595,0,NA,NA,16294,0,1255301
MAR,Africa,2023-01-03,1271595,0,NA,NA,16294,0,1255301
MAR,Africa,2023-01-04,1271595,0,NA,NA,16294,0,1255301
MAR,Africa,2023-01-05,1271595,0,NA,NA,16294,0,1255301
MAR,Africa,2023-01-06,1271595,0,NA,NA,16294,0,1255301
MAR,Africa,2023-01-07,1271595,0,NA,NA,16294,0,1255301
MAR,Africa,2023-01-08,1271868,273,NA,NA,16295,1,1255573
MAR,Africa,2023-01-09,1271868,0,NA,NA,16295,0,1255573
MAR,Africa,2023-01-10,1271868,0,NA,NA,16295,0,1255573
MAR,Africa,2023-01-11,1271868,0,NA,NA,16295,0,1255573
MAR,Africa,2023-01-12,1271868,0,NA,NA,16295,0,1255573
MAR,Africa,2023-01-13,1271868,0,NA,NA,16295,0,1255573
MAR,Africa,2023-01-14,1271868,0,NA,NA,16295,0,1255573
MAR,Africa,2023-01-15,1272056,188,NA,NA,16295,0,1255761
MAR,Africa,2023-01-16,1272056,0,NA,NA,16295,0,1255761
MAR,Africa,2023-01-17,1272056,0,NA,NA,16295,0,1255761
MAR,Africa,2023-01-18,1272056,0,NA,NA,16295,0,1255761
MAR,Africa,2023-01-19,1272056,0,NA,NA,16295,0,1255761
MAR,Africa,2023-01-20,1272056,0,NA,NA,16295,0,1255761
MAR,Africa,2023-01-21,1272056,0,NA,NA,16295,0,1255761
MAR,Africa,2023-01-22,1272175,119,NA,NA,16296,1,1255879
MAR,Africa,2023-01-23,1272175,0,NA,NA,16296,0,1255879
MAR,Africa,2023-01-24,1272175,0,NA,NA,16296,0,1255879
MAR,Africa,2023-01-25,1272175,0,NA,NA,16296,0,1255879
MAR,Africa,2023-01-26,1272175,0,NA,NA,16296,0,1255879
MAR,Africa,2023-01-27,1272175,0,NA,NA,16296,0,1255879
MAR,Africa,2023-01-28,1272175,0,NA,NA,16296,0,1255879
MAR,Africa,2023-01-29,1272222,47,NA,NA,16296,0,1255926
MAR,Africa,2023-01-30,1272222,0,NA,NA,16296,0,1255926
MAR,Africa,2023-01-31,1272222,0,NA,NA,16296,0,1255926
MAR,Africa,2023-02-01,1272222,0,NA,NA,16296,0,1255926
MAR,Africa,2023-02-02,1272222,0,NA,NA,16296,0,1255926
MAR,Africa,2023-02-03,1272222,0,NA,NA,16296,0,1255926
MAR,Africa,2023-02-04,1272222,0,NA,NA,16296,0,1255926
MAR,Africa,2023-02-05,1272276,54,NA,NA,16296,0,1255980
MAR,Africa,2023-02-06,1272276,0,NA,NA,16296,0,1255980
MAR,Africa,2023-02-07,1272276,0,NA,NA,16296,0,1255980
MAR,Africa,2023-02-08,1272276,0,NA,NA,16296,0,1255980
MAR,Africa,2023-02-09,1272276,0,NA,NA,16296,0,1255980
MAR,Africa,2023-02-10,1272276,0,NA,NA,16296,0,1255980
MAR,Africa,2023-02-11,1272276,0,NA,NA,16296,0,1255980
MAR,Africa,2023-02-12,1272332,56,NA,NA,16296,0,1256036
MAR,Africa,2023-02-13,1272332,0,NA,NA,16296,0,1256036
MAR,Africa,2023-02-14,1272332,0,NA,NA,16296,0,1256036
MAR,Africa,2023-02-15,1272332,0,NA,NA,16296,0,1256036
MAR,Africa,2023-02-16,1272332,0,NA,NA,16296,0,1256036
MAR,Africa,2023-02-17,1272332,0,NA,NA,16296,0,1256036
MAR,Africa,2023-02-18,1272332,0,NA,NA,16296,0,1256036
MAR,Africa,2023-02-19,1272371,39,NA,NA,16296,0,1256075
MAR,Africa,2023-02-20,1272371,0,NA,NA,16296,0,1256075
MAR,Africa,2023-02-21,1272371,0,NA,NA,16296,0,1256075
MAR,Africa,2023-02-22,1272371,0,NA,NA,16296,0,1256075
MAR,Africa,2023-02-23,1272371,0,NA,NA,16296,0,1256075
MAR,Africa,2023-02-24,1272371,0,NA,NA,16296,0,1256075
MAR,Africa,2023-02-25,1272371,0,NA,NA,16296,0,1256075
MAR,Africa,2023-02-26,1272442,71,NA,NA,16296,0,1256146
MAR,Africa,2023-02-27,1272442,0,NA,NA,16296,0,1256146
MAR,Africa,2023-02-28,1272442,0,NA,NA,16296,0,1256146
MAR,Africa,2023-03-01,1272442,0,NA,NA,16296,0,1256146
MAR,Africa,2023-03-02,1272442,0,NA,NA,16296,0,1256146
MAR,Africa,2023-03-03,1272442,0,NA,NA,16296,0,1256146
MAR,Africa,2023-03-04,1272442,0,NA,NA,16296,0,1256146
MAR,Africa,2023-03-05,1272486,44,NA,NA,16296,0,1256190
MAR,Africa,2023-03-06,1272486,0,NA,NA,16296,0,1256190
MAR,Africa,2023-03-07,1272486,0,NA,NA,16296,0,1256190
MAR,Africa,2023-03-08,1272486,0,NA,NA,16296,0,1256190
MAR,Africa,2023-03-09,1272486,0,NA,NA,16296,0,1256190
MAR,Africa,2023-03-10,1272486,0,NA,NA,16296,0,1256190
MAR,Africa,2023-03-11,1272486,0,NA,NA,16296,0,1256190
MAR,Africa,2023-03-12,1272526,40,NA,NA,16296,0,1256230
MAR,Africa,2023-03-13,1272526,0,NA,NA,16296,0,1256230
MAR,Africa,2023-03-14,1272526,0,NA,NA,16296,0,1256230
MAR,Africa,2023-03-15,1272526,0,NA,NA,16296,0,1256230
MAR,Africa,2023-03-16,1272526,0,NA,NA,16296,0,1256230
MAR,Africa,2023-03-17,1272526,0,NA,NA,16296,0,1256230
MAR,Africa,2023-03-18,1272526,0,NA,NA,16296,0,1256230
MAR,Africa,2023-03-19,1272585,59,NA,NA,16296,0,1256289
MAR,Africa,2023-03-20,1272585,0,NA,NA,16296,0,1256289
MAR,Africa,2023-03-21,1272585,0,NA,NA,16296,0,1256289
MAR,Africa,2023-03-22,1272585,0,NA,NA,16296,0,1256289
MAR,Africa,2023-03-23,1272585,0,NA,NA,16296,0,1256289
MAR,Africa,2023-03-24,1272585,0,NA,NA,16296,0,1256289
MAR,Africa,2023-03-25,1272585,0,NA,NA,16296,0,1256289
MAR,Africa,2023-03-26,1272622,37,NA,NA,16296,0,1256326
MAR,Africa,2023-03-27,1272622,0,NA,NA,16296,0,1256326
MAR,Africa,2023-03-28,1272622,0,NA,NA,16296,0,1256326
MAR,Africa,2023-03-29,1272622,0,NA,NA,16296,0,1256326
MAR,Africa,2023-03-30,1272622,0,NA,NA,16296,0,1256326
MAR,Africa,2023-03-31,1272622,0,NA,NA,16296,0,1256326
MAR,Africa,2023-04-01,1272622,0,NA,NA,16296,0,1256326
MAR,Africa,2023-04-02,1272679,57,NA,NA,16296,0,1256383
MAR,Africa,2023-04-03,1272679,0,NA,NA,16296,0,1256383
MAR,Africa,2023-04-04,1272679,0,NA,NA,16296,0,1256383
MAR,Africa,2023-04-05,1272679,0,NA,NA,16296,0,1256383
MAR,Africa,2023-04-06,1272679,0,NA,NA,16296,0,1256383
MAR,Africa,2023-04-07,1272679,0,NA,NA,16296,0,1256383
MAR,Africa,2023-04-08,1272679,0,NA,NA,16296,0,1256383
MAR,Africa,2023-04-09,1272733,54,NA,NA,16296,0,1256437
MAR,Africa,2023-04-10,1272733,0,NA,NA,16296,0,1256437
MAR,Africa,2023-04-11,1272733,0,NA,NA,16296,0,1256437
MAR,Africa,2023-04-12,1272733,0,NA,NA,16296,0,1256437
MAR,Africa,2023-04-13,1272733,0,NA,NA,16296,0,1256437
MAR,Africa,2023-04-14,1272733,0,NA,NA,16296,0,1256437
MAR,Africa,2023-04-15,1272733,0,NA,NA,16296,0,1256437
MAR,Africa,2023-04-16,1272889,156,NA,NA,16296,0,1256593
MAR,Africa,2023-04-17,1272889,0,NA,NA,16296,0,1256593
MAR,Africa,2023-04-18,1272889,0,NA,NA,16296,0,1256593
MAR,Africa,2023-04-19,1272889,0,NA,NA,16296,0,1256593
MAR,Africa,2023-04-20,1272889,0,NA,NA,16296,0,1256593
MAR,Africa,2023-04-21,1272889,0,NA,NA,16296,0,1256593
MAR,Africa,2023-04-22,1272889,0,NA,NA,16296,0,1256593
MAR,Africa,2023-04-23,1273130,241,NA,NA,16297,1,1256833
MAR,Africa,2023-04-24,1273130,0,NA,NA,16297,0,1256833
MAR,Africa,2023-04-25,1273130,0,NA,NA,16297,0,1256833
MAR,Africa,2023-04-26,1273130,0,NA,NA,16297,0,1256833
MAR,Africa,2023-04-27,1273130,0,NA,NA,16297,0,1256833
MAR,Africa,2023-04-28,1273130,0,NA,NA,16297,0,1256833
MAR,Africa,2023-04-29,1273130,0,NA,NA,16297,0,1256833
MAR,Africa,2023-04-30,1273463,333,NA,NA,16297,0,1257166
MAR,Africa,2023-05-01,1273463,0,NA,NA,16297,0,1257166
MAR,Africa,2023-05-02,1273463,0,NA,NA,16297,0,1257166
MAR,Africa,2023-05-03,1273463,0,NA,NA,16297,0,1257166
MAR,Africa,2023-05-04,1273463,0,NA,NA,16297,0,1257166
MAR,Africa,2023-05-05,1273463,0,NA,NA,16297,0,1257166
MAR,Africa,2023-05-06,1273463,0,NA,NA,16297,0,1257166
MAR,Africa,2023-05-07,1273832,369,NA,NA,16297,0,1257535
MAR,Africa,2023-05-08,1273832,0,NA,NA,16297,0,1257535
MAR,Africa,2023-05-09,1273832,0,NA,NA,16297,0,1257535
MAR,Africa,2023-05-10,1273832,0,NA,NA,16297,0,1257535
MAR,Africa,2023-05-11,1273832,0,NA,NA,16297,0,1257535
MAR,Africa,2023-05-12,1273832,0,NA,NA,16297,0,1257535
MAR,Africa,2023-05-13,1273832,0,NA,NA,16297,0,1257535
MAR,Africa,2023-05-14,1274180,348,NA,NA,16297,0,1257883
MAR,Africa,2023-05-15,1274180,0,NA,NA,16297,0,1257883
MAR,Africa,2023-05-16,1274180,0,NA,NA,16297,0,1257883
MAR,Africa,2023-05-17,1274180,0,NA,NA,16297,0,1257883
MAR,Africa,2023-05-18,1274180,0,NA,NA,16297,0,1257883
MAR,Africa,2023-05-19,1274180,0,NA,NA,16297,0,1257883
MAR,Africa,2023-05-20,1274180,0,NA,NA,16297,0,1257883
MAR,Africa,2023-05-21,1274553,373,NA,NA,16297,0,1258256
MAR,Africa,2023-05-22,1274553,0,NA,NA,16297,0,1258256
MAR,Africa,2023-05-23,1274553,0,NA,NA,16297,0,1258256
MAR,Africa,2023-05-24,1274553,0,NA,NA,16297,0,1258256
MAR,Africa,2023-05-25,1274553,0,NA,NA,16297,0,1258256
MAR,Africa,2023-05-26,1274553,0,NA,NA,16297,0,1258256
MAR,Africa,2023-05-27,1274553,0,NA,NA,16297,0,1258256
MAR,Africa,2023-05-28,1274733,180,NA,NA,16297,0,1258436
MAR,Africa,2023-05-29,1274733,0,NA,NA,16297,0,1258436
MAR,Africa,2023-05-30,1274733,0,NA,NA,16297,0,1258436
MAR,Africa,2023-05-31,1274733,0,NA,NA,16297,0,1258436
MAR,Africa,2023-06-01,1274733,0,NA,NA,16297,0,1258436
MAR,Africa,2023-06-02,1274733,0,NA,NA,16297,0,1258436
MAR,Africa,2023-06-03,1274733,0,NA,NA,16297,0,1258436
MAR,Africa,2023-06-04,1274901,168,NA,NA,16297,0,1258604
MAR,Africa,2023-06-05,1274901,0,NA,NA,16297,0,1258604
MAR,Africa,2023-06-06,1274901,0,NA,NA,16297,0,1258604
MAR,Africa,2023-06-07,1274901,0,NA,NA,16297,0,1258604
MAR,Africa,2023-06-08,1274901,0,NA,NA,16297,0,1258604
MAR,Africa,2023-06-09,1274901,0,NA,NA,16297,0,1258604
MAR,Africa,2023-06-10,1274901,0,NA,NA,16297,0,1258604
MAR,Africa,2023-06-11,1275003,102,NA,NA,16297,0,1258706
MAR,Africa,2023-06-12,1275003,0,NA,NA,16297,0,1258706
MAR,Africa,2023-06-13,1275003,0,NA,NA,16297,0,1258706
MAR,Africa,2023-06-14,1275003,0,NA,NA,16297,0,1258706
MAR,Africa,2023-06-15,1275003,0,NA,NA,16297,0,1258706
MAR,Africa,2023-06-16,1275003,0,NA,NA,16297,0,1258706
MAR,Africa,2023-06-17,1275003,0,NA,NA,16297,0,1258706
MAR,Africa,2023-06-18,1275089,86,NA,NA,16297,0,1258792
MAR,Africa,2023-06-19,1275089,0,NA,NA,16297,0,1258792
MAR,Africa,2023-06-20,1275089,0,NA,NA,16297,0,1258792
MAR,Africa,2023-06-21,1275089,0,NA,NA,16297,0,1258792
MAR,Africa,2023-06-22,1275089,0,NA,NA,16297,0,1258792
MAR,Africa,2023-06-23,1275089,0,NA,NA,16297,0,1258792
MAR,Africa,2023-06-24,1275089,0,NA,NA,16297,0,1258792
MAR,Africa,2023-06-25,1275136,47,NA,NA,16297,0,1258839
MAR,Africa,2023-06-26,1275136,0,NA,NA,16297,0,1258839
MAR,Africa,2023-06-27,1275136,0,NA,NA,16297,0,1258839
MAR,Africa,2023-06-28,1275136,0,NA,NA,16297,0,1258839
MAR,Africa,2023-06-29,1275136,0,NA,NA,16297,0,1258839
MAR,Africa,2023-06-30,1275136,0,NA,NA,16297,0,1258839
MAR,Africa,2023-07-01,1275136,0,NA,NA,16297,0,1258839
MAR,Africa,2023-07-02,1275168,32,NA,NA,16297,0,1258871
MAR,Africa,2023-07-03,1275168,0,NA,NA,16297,0,1258871
MAR,Africa,2023-07-04,1275168,0,NA,NA,16297,0,1258871
MAR,Africa,2023-07-05,1275168,0,NA,NA,16297,0,1258871
MAR,Africa,2023-07-06,1275168,0,NA,NA,16297,0,1258871
MAR,Africa,2023-07-07,1275168,0,NA,NA,16297,0,1258871
MAR,Africa,2023-07-08,1275168,0,NA,NA,16297,0,1258871
MAR,Africa,2023-07-09,1275191,23,NA,NA,16297,0,1258894
MAR,Africa,2023-07-10,1275191,0,NA,NA,16297,0,1258894
MAR,Africa,2023-07-11,1275191,0,NA,NA,16297,0,1258894
MAR,Africa,2023-07-12,1275191,0,NA,NA,16297,0,1258894
MAR,Africa,2023-07-13,1275191,0,NA,NA,16297,0,1258894
MAR,Africa,2023-07-14,1275191,0,NA,NA,16297,0,1258894
MAR,Africa,2023-07-15,1275191,0,NA,NA,16297,0,1258894
MAR,Africa,2023-07-16,1275224,33,NA,NA,16297,0,1258927
MAR,Africa,2023-07-17,1275224,0,NA,NA,16297,0,1258927
MAR,Africa,2023-07-18,1275224,0,NA,NA,16297,0,1258927
MAR,Africa,2023-07-19,1275224,0,NA,NA,16297,0,1258927
MAR,Africa,2023-07-20,1275224,0,NA,NA,16297,0,1258927
MAR,Africa,2023-07-21,1275224,0,NA,NA,16297,0,1258927
MAR,Africa,2023-07-22,1275224,0,NA,NA,16297,0,1258927
MAR,Africa,2023-07-23,1275245,21,NA,NA,16297,0,1258948
MAR,Africa,2023-07-24,1275245,0,NA,NA,16297,0,1258948
MAR,Africa,2023-07-25,1275245,0,NA,NA,16297,0,1258948
MAR,Africa,2023-07-26,1275245,0,NA,NA,16297,0,1258948
MAR,Africa,2023-07-27,1275245,0,NA,NA,16297,0,1258948
MAR,Africa,2023-07-28,1275245,0,NA,NA,16297,0,1258948
MAR,Africa,2023-07-29,1275245,0,NA,NA,16297,0,1258948
MAR,Africa,2023-07-30,1275273,28,NA,NA,16297,0,1258976
MAR,Africa,2023-07-31,1275273,0,NA,NA,16297,0,1258976
MAR,Africa,2023-08-01,1275273,0,NA,NA,16297,0,1258976
MAR,Africa,2023-08-02,1275273,0,NA,NA,16297,0,1258976
MAR,Africa,2023-08-03,1275273,0,NA,NA,16297,0,1258976
MAR,Africa,2023-08-04,1275273,0,NA,NA,16297,0,1258976
MAR,Africa,2023-08-05,1275273,0,NA,NA,16297,0,1258976
MAR,Africa,2023-08-06,1275293,20,NA,NA,16297,0,1258996
MAR,Africa,2023-08-07,1275293,0,NA,NA,16297,0,1258996
MAR,Africa,2023-08-08,1275293,0,NA,NA,16297,0,1258996
MAR,Africa,2023-08-09,1275293,0,NA,NA,16297,0,1258996
MAR,Africa,2023-08-10,1275293,0,NA,NA,16297,0,1258996
MAR,Africa,2023-08-11,1275293,0,NA,NA,16297,0,1258996
MAR,Africa,2023-08-12,1275293,0,NA,NA,16297,0,1258996
MAR,Africa,2023-08-13,1275320,27,NA,NA,16297,0,1259023
MAR,Africa,2023-08-14,1275320,0,NA,NA,16297,0,1259023
MAR,Africa,2023-08-15,1275320,0,NA,NA,16297,0,1259023
MAR,Africa,2023-08-16,1275320,0,NA,NA,16297,0,1259023
MAR,Africa,2023-08-17,1275320,0,NA,NA,16297,0,1259023
MAR,Africa,2023-08-18,1275320,0,NA,NA,16297,0,1259023
MAR,Africa,2023-08-19,1275320,0,NA,NA,16297,0,1259023
MAR,Africa,2023-08-20,1275394,74,NA,NA,16297,0,1259097
MAR,Africa,2023-08-21,1275394,0,NA,NA,16297,0,1259097
MAR,Africa,2023-08-22,1275394,0,NA,NA,16297,0,1259097
MAR,Africa,2023-08-23,1275394,0,NA,NA,16297,0,1259097
MAR,Africa,2023-08-24,1275394,0,NA,NA,16297,0,1259097
MAR,Africa,2023-08-25,1275394,0,NA,NA,16297,0,1259097
MAR,Africa,2023-08-26,1275394,0,NA,NA,16297,0,1259097
MAR,Africa,2023-08-27,1275555,161,NA,NA,16297,0,1259258
MAR,Africa,2023-08-28,1275555,0,NA,NA,16297,0,1259258
MAR,Africa,2023-08-29,1275555,0,NA,NA,16297,0,1259258
MAR,Africa,2023-08-30,1275555,0,NA,NA,16297,0,1259258
MAR,Africa,2023-08-31,1275555,0,NA,NA,16297,0,1259258
MAR,Africa,2023-09-01,1275555,0,NA,NA,16297,0,1259258
MAR,Africa,2023-09-02,1275555,0,NA,NA,16297,0,1259258
MAR,Africa,2023-09-03,1275864,309,NA,NA,16297,0,1259567
MAR,Africa,2023-09-04,1275864,0,NA,NA,16297,0,1259567
MAR,Africa,2023-09-05,1275864,0,NA,NA,16297,0,1259567
MAR,Africa,2023-09-06,1275864,0,NA,NA,16297,0,1259567
MAR,Africa,2023-09-07,1275864,0,NA,NA,16297,0,1259567
MAR,Africa,2023-09-08,1275864,0,NA,NA,16297,0,1259567
MAR,Africa,2023-09-09,1275864,0,NA,NA,16297,0,1259567
MAR,Africa,2023-09-10,1276176,312,NA,NA,16297,0,1259879
MAR,Africa,2023-09-11,1276176,0,NA,NA,16297,0,1259879
MAR,Africa,2023-09-12,1276176,0,NA,NA,16297,0,1259879
MAR,Africa,2023-09-13,1276176,0,NA,NA,16297,0,1259879
MAR,Africa,2023-09-14,1276176,0,NA,NA,16297,0,1259879
MAR,Africa,2023-09-15,1276176,0,NA,NA,16297,0,1259879
MAR,Africa,2023-09-16,1276176,0,NA,NA,16297,0,1259879
MAR,Africa,2023-09-17,1276430,254,NA,NA,16297,0,1260133
MAR,Africa,2023-09-18,1276430,0,NA,NA,16297,0,1260133
MAR,Africa,2023-09-19,1276430,0,NA,NA,16297,0,1260133
MAR,Africa,2023-09-20,1276430,0,NA,NA,16297,0,1260133
MAR,Africa,2023-09-21,1276430,0,NA,NA,16297,0,1260133
MAR,Africa,2023-09-22,1276430,0,NA,NA,16297,0,1260133
MAR,Africa,2023-09-23,1276430,0,NA,NA,16297,0,1260133
MAR,Africa,2023-09-24,1276635,205,NA,NA,16297,0,1260338
MAR,Africa,2023-09-25,1276635,0,NA,NA,16297,0,1260338
MAR,Africa,2023-09-26,1276635,0,NA,NA,16297,0,1260338
MAR,Africa,2023-09-27,1276635,0,NA,NA,16297,0,1260338
MAR,Africa,2023-09-28,1276635,0,NA,NA,16297,0,1260338
MAR,Africa,2023-09-29,1276635,0,NA,NA,16297,0,1260338
MAR,Africa,2023-09-30,1276635,0,NA,NA,16297,0,1260338
MAR,Africa,2023-10-01,1276812,177,NA,NA,16297,0,1260515
MAR,Africa,2023-10-02,1276812,0,NA,NA,16297,0,1260515
MAR,Africa,2023-10-03,1276812,0,NA,NA,16297,0,1260515
MAR,Africa,2023-10-04,1276812,0,NA,NA,16297,0,1260515
MAR,Africa,2023-10-05,1276812,0,NA,NA,16297,0,1260515
MAR,Africa,2023-10-06,1276812,0,NA,NA,16297,0,1260515
MAR,Africa,2023-10-07,1276812,0,NA,NA,16297,0,1260515
MAR,Africa,2023-10-08,1276950,138,NA,NA,16297,0,1260653
MAR,Africa,2023-10-09,1276950,0,NA,NA,16297,0,1260653
MAR,Africa,2023-10-10,1276950,0,NA,NA,16297,0,1260653
MAR,Africa,2023-10-11,1276950,0,NA,NA,16297,0,1260653
MAR,Africa,2023-10-12,1276950,0,NA,NA,16297,0,1260653
MAR,Africa,2023-10-13,1276950,0,NA,NA,16297,0,1260653
MAR,Africa,2023-10-14,1276950,0,NA,NA,16297,0,1260653
MAR,Africa,2023-10-15,1277082,132,NA,NA,16297,0,1260785
MAR,Africa,2023-10-16,1277082,0,NA,NA,16297,0,1260785
MAR,Africa,2023-10-17,1277082,0,NA,NA,16297,0,1260785
MAR,Africa,2023-10-18,1277082,0,NA,NA,16297,0,1260785
MAR,Africa,2023-10-19,1277082,0,NA,NA,16297,0,1260785
MAR,Africa,2023-10-20,1277082,0,NA,NA,16297,0,1260785
MAR,Africa,2023-10-21,1277082,0,NA,NA,16297,0,1260785
MAR,Africa,2023-10-22,1277218,136,NA,NA,16297,0,1260921
MAR,Africa,2023-10-23,1277218,0,NA,NA,16297,0,1260921
MAR,Africa,2023-10-24,1277218,0,NA,NA,16297,0,1260921
MAR,Africa,2023-10-25,1277218,0,NA,NA,16297,0,1260921
MAR,Africa,2023-10-26,1277218,0,NA,NA,16297,0,1260921
MAR,Africa,2023-10-27,1277218,0,NA,NA,16297,0,1260921
MAR,Africa,2023-10-28,1277218,0,NA,NA,16297,0,1260921
MAR,Africa,2023-10-29,1277342,124,NA,NA,16297,0,1261045
MAR,Africa,2023-10-30,1277342,0,NA,NA,16297,0,1261045
MAR,Africa,2023-10-31,1277342,0,NA,NA,16297,0,1261045
MAR,Africa,2023-11-01,1277342,0,NA,NA,16297,0,1261045
MAR,Africa,2023-11-02,1277342,0,NA,NA,16297,0,1261045
MAR,Africa,2023-11-03,1277342,0,NA,NA,16297,0,1261045
MAR,Africa,2023-11-04,1277342,0,NA,NA,16297,0,1261045
MAR,Africa,2023-11-05,1277342,0,NA,NA,16297,0,1261045
MAR,Africa,2023-11-06,1277342,0,NA,NA,16297,0,1261045
MAR,Africa,2023-11-07,1277342,0,NA,NA,16297,0,1261045
MAR,Africa,2023-11-08,1277342,0,NA,NA,16297,0,1261045
MAR,Africa,2023-11-09,1277342,0,NA,NA,16297,0,1261045
MAR,Africa,2023-11-10,1277342,0,NA,NA,16297,0,1261045
MAR,Africa,2023-11-11,1277342,0,NA,NA,16297,0,1261045
MAR,Africa,2023-11-12,1277538,196,NA,NA,16297,0,1261241
MAR,Africa,2023-11-13,1277538,0,NA,NA,16297,0,1261241
MAR,Africa,2023-11-14,1277538,0,NA,NA,16297,0,1261241
MAR,Africa,2023-11-15,1277538,0,NA,NA,16297,0,1261241
MAR,Africa,2023-11-16,1277538,0,NA,NA,16297,0,1261241
MAR,Africa,2023-11-17,1277538,0,NA,NA,16297,0,1261241
MAR,Africa,2023-11-18,1277538,0,NA,NA,16297,0,1261241
MAR,Africa,2023-11-19,1277642,104,NA,NA,16297,0,1261345
MAR,Africa,2023-11-20,1277642,0,NA,NA,16297,0,1261345
MAR,Africa,2023-11-21,1277642,0,NA,NA,16297,0,1261345
MAR,Africa,2023-11-22,1277642,0,NA,NA,16297,0,1261345
MAR,Africa,2023-11-23,1277642,0,NA,NA,16297,0,1261345
MAR,Africa,2023-11-24,1277642,0,NA,NA,16297,0,1261345
MAR,Africa,2023-11-25,1277642,0,NA,NA,16297,0,1261345
MAR,Africa,2023-11-26,1277746,104,NA,NA,16297,0,1261449
MAR,Africa,2023-11-27,1277746,0,NA,NA,16297,0,1261449
MAR,Africa,2023-11-28,1277746,0,NA,NA,16297,0,1261449
MAR,Africa,2023-11-29,1277746,0,NA,NA,16297,0,1261449
MAR,Africa,2023-11-30,1277746,0,NA,NA,16297,0,1261449
MAR,Africa,2023-12-01,1277746,0,NA,NA,16297,0,1261449
MAR,Africa,2023-12-02,1277746,0,NA,NA,16297,0,1261449
MAR,Africa,2023-12-03,1277862,116,NA,NA,16298,1,1261564
MAR,Africa,2023-12-04,1277862,0,NA,NA,16298,0,1261564
MAR,Africa,2023-12-05,1277862,0,NA,NA,16298,0,1261564
MAR,Africa,2023-12-06,1277862,0,NA,NA,16298,0,1261564
MAR,Africa,2023-12-07,1277862,0,NA,NA,16298,0,1261564
MAR,Africa,2023-12-08,1277862,0,NA,NA,16298,0,1261564
MAR,Africa,2023-12-09,1277862,0,NA,NA,16298,0,1261564
MAR,Africa,2023-12-10,1277956,94,NA,NA,16298,0,1261658
MAR,Africa,2023-12-11,1277956,0,NA,NA,16298,0,1261658
MAR,Africa,2023-12-12,1277956,0,NA,NA,16298,0,1261658
MAR,Africa,2023-12-13,1277956,0,NA,NA,16298,0,1261658
MAR,Africa,2023-12-14,1277956,0,NA,NA,16298,0,1261658
MAR,Africa,2023-12-15,1277956,0,NA,NA,16298,0,1261658
MAR,Africa,2023-12-16,1277956,0,NA,NA,16298,0,1261658
MAR,Africa,2023-12-17,1278055,99,NA,NA,16298,0,1261757
MAR,Africa,2023-12-18,1278055,0,NA,NA,16298,0,1261757
MAR,Africa,2023-12-19,1278055,0,NA,NA,16298,0,1261757
MAR,Africa,2023-12-20,1278055,0,NA,NA,16298,0,1261757
MAR,Africa,2023-12-21,1278055,0,NA,NA,16298,0,1261757
MAR,Africa,2023-12-22,1278055,0,NA,NA,16298,0,1261757
MAR,Africa,2023-12-23,1278055,0,NA,NA,16298,0,1261757
MAR,Africa,2023-12-24,1278164,109,NA,NA,16298,0,1261866
MAR,Africa,2023-12-25,1278164,0,NA,NA,16298,0,1261866
MAR,Africa,2023-12-26,1278164,0,NA,NA,16298,0,1261866
MAR,Africa,2023-12-27,1278164,0,NA,NA,16298,0,1261866
MAR,Africa,2023-12-28,1278164,0,NA,NA,16298,0,1261866
MAR,Africa,2023-12-29,1278164,0,NA,NA,16298,0,1261866
MAR,Africa,2023-12-30,1278164,0,NA,NA,16298,0,1261866
MAR,Africa,2023-12-31,1278269,105,NA,NA,16300,2,1261969
MAR,Africa,2024-01-01,1278269,0,NA,NA,16300,0,1261969
MAR,Africa,2024-01-02,1278269,0,NA,NA,16300,0,1261969
MAR,Africa,2024-01-03,1278269,0,NA,NA,16300,0,1261969
MAR,Africa,2024-01-04,1278269,0,NA,NA,16300,0,1261969
MAR,Africa,2024-01-05,1278269,0,NA,NA,16300,0,1261969
MAR,Africa,2024-01-06,1278269,0,NA,NA,16300,0,1261969
MAR,Africa,2024-01-07,1278399,130,NA,NA,16300,0,1262099
MAR,Africa,2024-01-08,1278399,0,NA,NA,16300,0,1262099
MAR,Africa,2024-01-09,1278399,0,NA,NA,16300,0,1262099
MAR,Africa,2024-01-10,1278399,0,NA,NA,16300,0,1262099
MAR,Africa,2024-01-11,1278399,0,NA,NA,16300,0,1262099
MAR,Africa,2024-01-12,1278399,0,NA,NA,16300,0,1262099
MAR,Africa,2024-01-13,1278399,0,NA,NA,16300,0,1262099
MAR,Africa,2024-01-14,1278512,113,NA,NA,16301,1,1262211
MAR,Africa,2024-01-15,1278512,0,NA,NA,16301,0,1262211
MAR,Africa,2024-01-16,1278512,0,NA,NA,16301,0,1262211
MAR,Africa,2024-01-17,1278512,0,NA,NA,16301,0,1262211
MAR,Africa,2024-01-18,1278512,0,NA,NA,16301,0,1262211
MAR,Africa,2024-01-19,1278512,0,NA,NA,16301,0,1262211
MAR,Africa,2024-01-20,1278512,0,NA,NA,16301,0,1262211
MAR,Africa,2024-01-21,1278666,154,NA,NA,16301,0,1262365
MAR,Africa,2024-01-22,1278666,0,NA,NA,16301,0,1262365
MAR,Africa,2024-01-23,1278666,0,NA,NA,16301,0,1262365
MAR,Africa,2024-01-24,1278666,0,NA,NA,16301,0,1262365
MAR,Africa,2024-01-25,1278666,0,NA,NA,16301,0,1262365
MAR,Africa,2024-01-26,1278666,0,NA,NA,16301,0,1262365
MAR,Africa,2024-01-27,1278666,0,NA,NA,16301,0,1262365
MAR,Africa,2024-01-28,1278752,86,NA,NA,16301,0,1262451
MAR,Africa,2024-01-29,1278752,0,NA,NA,16301,0,1262451
MAR,Africa,2024-01-30,1278752,0,NA,NA,16301,0,1262451
MAR,Africa,2024-01-31,1278752,0,NA,NA,16301,0,1262451
MAR,Africa,2024-02-01,1278752,0,NA,NA,16301,0,1262451
MAR,Africa,2024-02-02,1278752,0,NA,NA,16301,0,1262451
MAR,Africa,2024-02-03,1278752,0,NA,NA,16301,0,1262451
MAR,Africa,2024-02-04,1278844,92,NA,NA,16301,0,1262543
